"g","l2","k","l3","mean_gamma","sd_gamma","lo90","hi90","lo95","hi95","sig90","sig95","group_label","method_id"
1,"L2-00: Univariate & Classical Hypothesis Testing",1,"L3-046: Bootstrap and Jackknife Resampling",-0.00221529765971024,0.0531994707875189,-0.08863054185,0.07949869355,-0.121840784,0.111623769,FALSE,FALSE,"Univariate & Classical Hypothesis Testing","Univariate & Classical Hypothesis Testing: L3-046: Bootstrap and Jackknife Resampling"
1,"L2-00: Univariate & Classical Hypothesis Testing",2,"L3-049: Randomization-Based Statistical Inference",-0.00420209103136979,0.0526042753333663,-0.0917204821,0.0756710386,-0.1242475005,0.1033622425,FALSE,FALSE,"Univariate & Classical Hypothesis Testing","Univariate & Classical Hypothesis Testing: L3-049: Randomization-Based Statistical Inference"
1,"L2-00: Univariate & Classical Hypothesis Testing",3,"L3-098: Nonparametric Statistical Methods",-0.00806286307601967,0.0550319670114652,-0.103224361,0.070338011,-0.140852848,0.096264206625,FALSE,FALSE,"Univariate & Classical Hypothesis Testing","Univariate & Classical Hypothesis Testing: L3-098: Nonparametric Statistical Methods"
1,"L2-00: Univariate & Classical Hypothesis Testing",4,"L3-109: Categorical Association Testing",-0.00532240933007457,0.052860871105303,-0.0970324115,0.0755702494,-0.12729525025,0.10186224475,FALSE,FALSE,"Univariate & Classical Hypothesis Testing","Univariate & Classical Hypothesis Testing: L3-109: Categorical Association Testing"
1,"L2-00: Univariate & Classical Hypothesis Testing",5,"L3-110: Reliability and Agreement Statistics",0.000187325797824119,0.0516768913206148,-0.08067133055,0.0841905155,-0.1099789325,0.114569687,FALSE,FALSE,"Univariate & Classical Hypothesis Testing","Univariate & Classical Hypothesis Testing: L3-110: Reliability and Agreement Statistics"
1,"L2-00: Univariate & Classical Hypothesis Testing",6,"L3-112: Pearson and Partial Correlation",0.0035084243819835,0.0510861096312722,-0.07520579655,0.08985454505,-0.1032552475,0.1208875555,FALSE,FALSE,"Univariate & Classical Hypothesis Testing","Univariate & Classical Hypothesis Testing: L3-112: Pearson and Partial Correlation"
1,"L2-00: Univariate & Classical Hypothesis Testing",7,"L3-113: Non-Parametric Rank Correlation",-0.00357001192098066,0.0530486264674796,-0.09235654685,0.0775678373,-0.12488542475,0.1056868975,FALSE,FALSE,"Univariate & Classical Hypothesis Testing","Univariate & Classical Hypothesis Testing: L3-113: Non-Parametric Rank Correlation"
1,"L2-00: Univariate & Classical Hypothesis Testing",8,"L3-114: Analysis of Variance Family",0.00749155877195675,0.0524967000284104,-0.06934152175,0.0988026939999999,-0.0952852118,0.13193037075,FALSE,FALSE,"Univariate & Classical Hypothesis Testing","Univariate & Classical Hypothesis Testing: L3-114: Analysis of Variance Family"
1,"L2-00: Univariate & Classical Hypothesis Testing",9,"L3-116: Non-Parametric Rank-Based Tests",0.000121302565212771,0.0524991043083736,-0.0845520423,0.0841157732999999,-0.11180732475,0.11665785925,FALSE,FALSE,"Univariate & Classical Hypothesis Testing","Univariate & Classical Hypothesis Testing: L3-116: Non-Parametric Rank-Based Tests"
1,"L2-00: Univariate & Classical Hypothesis Testing",10,"L3-118: Statistical Hypothesis Testing",0.00247106866985425,0.0519223774211805,-0.07910981905,0.0891854478499999,-0.1090547645,0.11989191,FALSE,FALSE,"Univariate & Classical Hypothesis Testing","Univariate & Classical Hypothesis Testing: L3-118: Statistical Hypothesis Testing"
1,"L2-00: Univariate & Classical Hypothesis Testing",11,"L3-119: Post Hoc Multiple Comparison Tests",0.00283974708314161,0.0532414335563566,-0.08113057235,0.0887155803999999,-0.112000309,0.12151928625,FALSE,FALSE,"Univariate & Classical Hypothesis Testing","Univariate & Classical Hypothesis Testing: L3-119: Post Hoc Multiple Comparison Tests"
1,"L2-00: Univariate & Classical Hypothesis Testing",12,"L3-120: Student's t-test Variants",0.00968321133114116,0.0529324409005318,-0.06385172075,0.1027420815,-0.088379055925,0.13776856675,FALSE,FALSE,"Univariate & Classical Hypothesis Testing","Univariate & Classical Hypothesis Testing: L3-120: Student's t-test Variants"
1,"L2-00: Univariate & Classical Hypothesis Testing",13,"L3-165: Statistical Frequency and Ratio Analysis",-0.00655547925020036,0.0525418759826957,-0.100406436,0.0710159747,-0.13363648575,0.0985813574749999,FALSE,FALSE,"Univariate & Classical Hypothesis Testing","Univariate & Classical Hypothesis Testing: L3-165: Statistical Frequency and Ratio Analysis"
1,"L2-00: Univariate & Classical Hypothesis Testing",14,"L3-229: Univariate Statistical Analysis",0.00706087648550219,0.052510845083777,-0.0690622201,0.1000721365,-0.0960602375,0.13323007475,FALSE,FALSE,"Univariate & Classical Hypothesis Testing","Univariate & Classical Hypothesis Testing: L3-229: Univariate Statistical Analysis"
1,"L2-00: Univariate & Classical Hypothesis Testing",15,"L3-230: Descriptive and Inferential Statistics",-0.00343455572778363,0.0512182993380845,-0.0893925608,0.07485992275,-0.11831045625,0.10168915125,FALSE,FALSE,"Univariate & Classical Hypothesis Testing","Univariate & Classical Hypothesis Testing: L3-230: Descriptive and Inferential Statistics"
2,"L2-01: Multivariate Analysis & Dimensionality Reduction",1,"L3-016: Nonlinear Dimensionality Reduction",0.00791543421429575,0.051662813681406,-0.06715446095,0.09789449265,-0.0928645803,0.13035141325,FALSE,FALSE,"Multivariate Analysis & Dimensionality Reduction","Multivariate Analysis & Dimensionality Reduction: L3-016: Nonlinear Dimensionality Reduction"
2,"L2-01: Multivariate Analysis & Dimensionality Reduction",2,"L3-019: Principal Component Analysis Variants",-0.00871474644454669,0.0473928902208574,-0.0930582955,0.060095832,-0.12279337175,0.0818883993499999,FALSE,FALSE,"Multivariate Analysis & Dimensionality Reduction","Multivariate Analysis & Dimensionality Reduction: L3-019: Principal Component Analysis Variants"
2,"L2-01: Multivariate Analysis & Dimensionality Reduction",3,"L3-020: Factor and Correspondence Analysis",-0.00888934254728197,0.051145003409899,-0.09964159125,0.06405431135,-0.13046373925,0.088289722525,FALSE,FALSE,"Multivariate Analysis & Dimensionality Reduction","Multivariate Analysis & Dimensionality Reduction: L3-020: Factor and Correspondence Analysis"
2,"L2-01: Multivariate Analysis & Dimensionality Reduction",4,"L3-021: Multivariate Ordination and Seriation",-0.000229552730542002,0.0502214304808669,-0.0826645456,0.0807394157,-0.11087491125,0.110207096,FALSE,FALSE,"Multivariate Analysis & Dimensionality Reduction","Multivariate Analysis & Dimensionality Reduction: L3-021: Multivariate Ordination and Seriation"
2,"L2-01: Multivariate Analysis & Dimensionality Reduction",5,"L3-023: Statistical Data Normalization",0.0033169051568882,0.0517908896684358,-0.0764848178,0.09036448895,-0.10389819275,0.12167655925,FALSE,FALSE,"Multivariate Analysis & Dimensionality Reduction","Multivariate Analysis & Dimensionality Reduction: L3-023: Statistical Data Normalization"
2,"L2-01: Multivariate Analysis & Dimensionality Reduction",6,"L3-031: Fractal and Multifractal Analysis",0.00278169458948306,0.0515584634717402,-0.07800245465,0.08847872835,-0.10502047175,0.122502235,FALSE,FALSE,"Multivariate Analysis & Dimensionality Reduction","Multivariate Analysis & Dimensionality Reduction: L3-031: Fractal and Multifractal Analysis"
2,"L2-01: Multivariate Analysis & Dimensionality Reduction",7,"L3-115: Multivariate Statistical Analysis",-0.00839739145342209,0.0500298945428393,-0.09815629605,0.06360280335,-0.13204239225,0.088269836125,FALSE,FALSE,"Multivariate Analysis & Dimensionality Reduction","Multivariate Analysis & Dimensionality Reduction: L3-115: Multivariate Statistical Analysis"
2,"L2-01: Multivariate Analysis & Dimensionality Reduction",8,"L3-137: Linear Dimensionality Reduction Methods",0.00561066180798468,0.0527120146543384,-0.0730157197,0.0955149855,-0.09944957395,0.12520471475,FALSE,FALSE,"Multivariate Analysis & Dimensionality Reduction","Multivariate Analysis & Dimensionality Reduction: L3-137: Linear Dimensionality Reduction Methods"
2,"L2-01: Multivariate Analysis & Dimensionality Reduction",9,"L3-167: Multivariate Statistical & Machine Learning Methods",-0.0046880664452765,0.0510406022988448,-0.0908505656,0.0728731282,-0.1244178745,0.1019783405,FALSE,FALSE,"Multivariate Analysis & Dimensionality Reduction","Multivariate Analysis & Dimensionality Reduction: L3-167: Multivariate Statistical & Machine Learning Methods"
2,"L2-01: Multivariate Analysis & Dimensionality Reduction",10,"L3-232: Specialized Domain Analyses",0.0144482277942551,0.052541691235719,-0.05594400285,0.1135487125,-0.07776477065,0.14862353475,FALSE,FALSE,"Multivariate Analysis & Dimensionality Reduction","Multivariate Analysis & Dimensionality Reduction: L3-232: Specialized Domain Analyses"
2,"L2-01: Multivariate Analysis & Dimensionality Reduction",11,"L3-239: Redundancy Analysis Variants",-0.00315423408190705,0.0529833801789403,-0.09136153775,0.0784531787,-0.1231091675,0.11005442975,FALSE,FALSE,"Multivariate Analysis & Dimensionality Reduction","Multivariate Analysis & Dimensionality Reduction: L3-239: Redundancy Analysis Variants"
3,"L2-02: Regression & Generalized Linear Models",1,"L3-006: Partial Least Squares Variants",0.00767224123081442,0.0527304818711983,-0.06949990885,0.102207873,-0.09239344905,0.138700812,FALSE,FALSE,"Regression & Generalized Linear Models","Regression & Generalized Linear Models: L3-006: Partial Least Squares Variants"
3,"L2-02: Regression & Generalized Linear Models",2,"L3-024: Panel Data Econometric Methods",0.0111653158528364,0.054280452922397,-0.06361069665,0.1088692065,-0.087583479,0.14489838975,FALSE,FALSE,"Regression & Generalized Linear Models","Regression & Generalized Linear Models: L3-024: Panel Data Econometric Methods"
3,"L2-02: Regression & Generalized Linear Models",3,"L3-045: Survival Analysis Methods",-0.00131645177309549,0.052264187335867,-0.0863421029,0.08211682655,-0.11534927175,0.110816456,FALSE,FALSE,"Regression & Generalized Linear Models","Regression & Generalized Linear Models: L3-045: Survival Analysis Methods"
3,"L2-02: Regression & Generalized Linear Models",4,"L3-062: Gaussian Process Regression",-0.00782574633992044,0.0536084223702769,-0.1011370905,0.0703871615,-0.13561785675,0.094652857125,FALSE,FALSE,"Regression & Generalized Linear Models","Regression & Generalized Linear Models: L3-062: Gaussian Process Regression"
3,"L2-02: Regression & Generalized Linear Models",5,"L3-092: Weighted Averaging Methods",-0.00404230547471079,0.0529966998877509,-0.09087037485,0.0768565643,-0.12528649375,0.1071516165,FALSE,FALSE,"Regression & Generalized Linear Models","Regression & Generalized Linear Models: L3-092: Weighted Averaging Methods"
3,"L2-02: Regression & Generalized Linear Models",6,"L3-096: Root Mean Square Error Metrics",0.00148660497015955,0.0530352428930787,-0.0821186498,0.0883725645499999,-0.11333437425,0.11727360675,FALSE,FALSE,"Regression & Generalized Linear Models","Regression & Generalized Linear Models: L3-096: Root Mean Square Error Metrics"
3,"L2-02: Regression & Generalized Linear Models",7,"L3-122: Linear Mixed-Effect Models",-1.96452455872749e-06,0.0530295095761266,-0.083930448,0.0869715414,-0.1137144175,0.11634127875,FALSE,FALSE,"Regression & Generalized Linear Models","Regression & Generalized Linear Models: L3-122: Linear Mixed-Effect Models"
3,"L2-02: Regression & Generalized Linear Models",8,"L3-123: Generalized Linear Mixed Models",0.0160127101087251,0.0564589821172419,-0.0552519297,0.1214283785,-0.07757445655,0.1578852225,FALSE,FALSE,"Regression & Generalized Linear Models","Regression & Generalized Linear Models: L3-123: Generalized Linear Mixed Models"
3,"L2-02: Regression & Generalized Linear Models",9,"L3-126: Stepwise Variable Selection",-0.00260979595283303,0.0534066983569981,-0.0906348829,0.07867301675,-0.11924293925,0.10740921975,FALSE,FALSE,"Regression & Generalized Linear Models","Regression & Generalized Linear Models: L3-126: Stepwise Variable Selection"
3,"L2-02: Regression & Generalized Linear Models",10,"L3-129: Multiple Regression Models",0.004861858119182,0.05274301765766,-0.0768087974,0.09617848965,-0.103000592,0.13145484725,FALSE,FALSE,"Regression & Generalized Linear Models","Regression & Generalized Linear Models: L3-129: Multiple Regression Models"
3,"L2-02: Regression & Generalized Linear Models",11,"L3-130: Least Squares Regression",0.0017371247458979,0.0530479189021822,-0.07971816535,0.08800209685,-0.11087723025,0.11894966525,FALSE,FALSE,"Regression & Generalized Linear Models","Regression & Generalized Linear Models: L3-130: Least Squares Regression"
3,"L2-02: Regression & Generalized Linear Models",12,"L3-134: Logistic Regression Variants",-0.00690100421334169,0.0521282993971268,-0.0996030005,0.0701364771,-0.130424994,0.0957935911499999,FALSE,FALSE,"Regression & Generalized Linear Models","Regression & Generalized Linear Models: L3-134: Logistic Regression Variants"
3,"L2-02: Regression & Generalized Linear Models",13,"L3-146: Regression Analysis",-0.00577882128830096,0.0531601770426826,-0.0982686442,0.07297417885,-0.13171232475,0.10011051525,FALSE,FALSE,"Regression & Generalized Linear Models","Regression & Generalized Linear Models: L3-146: Regression Analysis"
3,"L2-02: Regression & Generalized Linear Models",14,"L3-147: Linear Regression Variants",-0.00232274758002774,0.0524914780070122,-0.0883158121,0.0780560729,-0.1209740845,0.10495257725,FALSE,FALSE,"Regression & Generalized Linear Models","Regression & Generalized Linear Models: L3-147: Linear Regression Variants"
3,"L2-02: Regression & Generalized Linear Models",15,"L3-163: Pollen and Spore Quantification",-0.0038920504572729,0.0539639820219542,-0.0908786611,0.07760366735,-0.1270990015,0.104876861,FALSE,FALSE,"Regression & Generalized Linear Models","Regression & Generalized Linear Models: L3-163: Pollen and Spore Quantification"
3,"L2-02: Regression & Generalized Linear Models",16,"L3-164: Transfer Function Calibration",-0.00764621096530771,0.0535974323210867,-0.1011808905,0.0693332335,-0.136227285,0.0950910608499999,FALSE,FALSE,"Regression & Generalized Linear Models","Regression & Generalized Linear Models: L3-164: Transfer Function Calibration"
3,"L2-02: Regression & Generalized Linear Models",17,"L3-166: Parametric Survival and Decay Distributions",-0.00243989197484413,0.0528011686832483,-0.09046896055,0.0796880407499999,-0.120747974,0.1096955225,FALSE,FALSE,"Regression & Generalized Linear Models","Regression & Generalized Linear Models: L3-166: Parametric Survival and Decay Distributions"
3,"L2-02: Regression & Generalized Linear Models",18,"L3-221: Experimental Design and Sensitivity Analysis",0.0018364319962617,0.0539971672186421,-0.0824175715,0.0883483947499999,-0.11167414725,0.126170686,FALSE,FALSE,"Regression & Generalized Linear Models","Regression & Generalized Linear Models: L3-221: Experimental Design and Sensitivity Analysis"
4,"L2-03: Clustering & Unsupervised Learning",1,"L3-001: Self-Organizing Neural Networks",-0.0019109925635428,0.0502793983770854,-0.08433173655,0.07810436735,-0.11586780525,0.106561261,FALSE,FALSE,"Clustering & Unsupervised Learning","Clustering & Unsupervised Learning: L3-001: Self-Organizing Neural Networks"
4,"L2-03: Clustering & Unsupervised Learning",2,"L3-010: Hierarchical Clustering Algorithms",-0.00383785548604713,0.0500124887547308,-0.088873259,0.07151440935,-0.119013539,0.09865069065,FALSE,FALSE,"Clustering & Unsupervised Learning","Clustering & Unsupervised Learning: L3-010: Hierarchical Clustering Algorithms"
4,"L2-03: Clustering & Unsupervised Learning",3,"L3-011: Hierarchical Clustering Linkages",0.0018111638181308,0.0510308028212113,-0.07598308465,0.08465766155,-0.10560949675,0.1155152955,FALSE,FALSE,"Clustering & Unsupervised Learning","Clustering & Unsupervised Learning: L3-011: Hierarchical Clustering Linkages"
4,"L2-03: Clustering & Unsupervised Learning",4,"L3-029: Fuzzy Logic and Clustering",-0.00386363050406979,0.0499225948550859,-0.08861901725,0.07411165655,-0.11769806075,0.1008176395,FALSE,FALSE,"Clustering & Unsupervised Learning","Clustering & Unsupervised Learning: L3-029: Fuzzy Logic and Clustering"
4,"L2-03: Clustering & Unsupervised Learning",5,"L3-052: K-Means Clustering",0.00793447126888404,0.0496337947220442,-0.06400578615,0.09705462045,-0.0876432152,0.12905409875,FALSE,FALSE,"Clustering & Unsupervised Learning","Clustering & Unsupervised Learning: L3-052: K-Means Clustering"
4,"L2-03: Clustering & Unsupervised Learning",6,"L3-063: Gaussian Mixture Modeling",-0.000132914927211641,0.0500198106950877,-0.0796657398,0.0796095713499999,-0.10998781425,0.110123966,FALSE,FALSE,"Clustering & Unsupervised Learning","Clustering & Unsupervised Learning: L3-063: Gaussian Mixture Modeling"
5,"L2-04: Distance & Similarity Metrics",1,"L3-030: Clustering Validation Metrics",0.000263537754948993,0.0505617101774328,-0.0808686292,0.08157645485,-0.10924455975,0.111731778,FALSE,FALSE,"Distance & Similarity Metrics","Distance & Similarity Metrics: L3-030: Clustering Validation Metrics"
5,"L2-04: Distance & Similarity Metrics",2,"L3-057: Mahalanobis Distance Variants",-0.00286527466013948,0.0511598556526615,-0.08823349235,0.0755566896499998,-0.12038335075,0.102148901,FALSE,FALSE,"Distance & Similarity Metrics","Distance & Similarity Metrics: L3-057: Mahalanobis Distance Variants"
5,"L2-04: Distance & Similarity Metrics",3,"L3-069: Pairwise Similarity Metrics",0.00201515610512798,0.051239056911985,-0.0788121181,0.0862362756499999,-0.104321552,0.11919325775,FALSE,FALSE,"Distance & Similarity Metrics","Distance & Similarity Metrics: L3-069: Pairwise Similarity Metrics"
5,"L2-04: Distance & Similarity Metrics",4,"L3-070: Genetic and Biological Distance Metrics",-0.00964468205456857,0.0530898404043117,-0.101677525,0.0620512121499999,-0.1411561655,0.086721776725,FALSE,FALSE,"Distance & Similarity Metrics","Distance & Similarity Metrics: L3-070: Genetic and Biological Distance Metrics"
5,"L2-04: Distance & Similarity Metrics",5,"L3-099: Image Similarity Metrics",0.0104685830830255,0.0535531695661096,-0.06229889575,0.1067877895,-0.086243291025,0.14289052425,FALSE,FALSE,"Distance & Similarity Metrics","Distance & Similarity Metrics: L3-099: Image Similarity Metrics"
5,"L2-04: Distance & Similarity Metrics",6,"L3-103: Ecological Diversity Metrics",-0.00519755399111942,0.051009181266295,-0.0924339152,0.0700275838999999,-0.12312845025,0.097262868925,FALSE,FALSE,"Distance & Similarity Metrics","Distance & Similarity Metrics: L3-103: Ecological Diversity Metrics"
5,"L2-04: Distance & Similarity Metrics",7,"L3-106: Performance Evaluation Metrics",0.00495475541131622,0.050884551829565,-0.07158779935,0.09316576325,-0.098355359325,0.1220443965,FALSE,FALSE,"Distance & Similarity Metrics","Distance & Similarity Metrics: L3-106: Performance Evaluation Metrics"
6,"L2-05: Bayesian & Probabilistic Inference",1,"L3-007: Phylogenetic Reconstruction Methods",-0.00127599585896036,0.0527731866188423,-0.087044395,0.0813308527,-0.11825338425,0.112316246,FALSE,FALSE,"Bayesian & Probabilistic Inference","Bayesian & Probabilistic Inference: L3-007: Phylogenetic Reconstruction Methods"
6,"L2-05: Bayesian & Probabilistic Inference",2,"L3-014: Inverse Problem Solving",-0.010070964374346,0.0538674697549537,-0.10430966,0.0645573659,-0.14292644375,0.0892484718999999,FALSE,FALSE,"Bayesian & Probabilistic Inference","Bayesian & Probabilistic Inference: L3-014: Inverse Problem Solving"
6,"L2-05: Bayesian & Probabilistic Inference",3,"L3-050: Stratified and Adaptive Sampling",-0.00611720884615923,0.0533582549456856,-0.0977499583,0.0737661047499999,-0.1311127475,0.100861688,FALSE,FALSE,"Bayesian & Probabilistic Inference","Bayesian & Probabilistic Inference: L3-050: Stratified and Adaptive Sampling"
6,"L2-05: Bayesian & Probabilistic Inference",4,"L3-078: Markov Chain Monte Carlo",-0.00104736552437163,0.0540599808253836,-0.08854998285,0.0837124000999999,-0.12260003275,0.1124638185,FALSE,FALSE,"Bayesian & Probabilistic Inference","Bayesian & Probabilistic Inference: L3-078: Markov Chain Monte Carlo"
6,"L2-05: Bayesian & Probabilistic Inference",5,"L3-095: Statistical Error Quantification and Modeling",-0.000816471235592521,0.0528196795064227,-0.08620628055,0.0826283428,-0.116549151,0.1139828015,FALSE,FALSE,"Bayesian & Probabilistic Inference","Bayesian & Probabilistic Inference: L3-095: Statistical Error Quantification and Modeling"
6,"L2-05: Bayesian & Probabilistic Inference",6,"L3-101: Information-Theoretic Entropy Measures",0.014316175115263,0.0565166271164667,-0.05876598115,0.117425861,-0.0810919081,0.156666779,FALSE,FALSE,"Bayesian & Probabilistic Inference","Bayesian & Probabilistic Inference: L3-101: Information-Theoretic Entropy Measures"
6,"L2-05: Bayesian & Probabilistic Inference",7,"L3-125: Bayesian Multilevel Modeling",-0.00170407212381151,0.0530591858721811,-0.0870409174,0.0808518594,-0.1187240565,0.1086625645,FALSE,FALSE,"Bayesian & Probabilistic Inference","Bayesian & Probabilistic Inference: L3-125: Bayesian Multilevel Modeling"
6,"L2-05: Bayesian & Probabilistic Inference",8,"L3-127: Bayesian Outlier Detection",-0.00113708178138001,0.0527872658331855,-0.086863988,0.08316125005,-0.1161431525,0.11184459075,FALSE,FALSE,"Bayesian & Probabilistic Inference","Bayesian & Probabilistic Inference: L3-127: Bayesian Outlier Detection"
6,"L2-05: Bayesian & Probabilistic Inference",9,"L3-135: Bayesian and Advanced Count Models",0.0101432262492727,0.0540588732467883,-0.0654839875,0.1072367225,-0.09145011135,0.143252283,FALSE,FALSE,"Bayesian & Probabilistic Inference","Bayesian & Probabilistic Inference: L3-135: Bayesian and Advanced Count Models"
6,"L2-05: Bayesian & Probabilistic Inference",10,"L3-158: Bayesian Statistical Inference",0.00221635259597145,0.0503582237694908,-0.07854396625,0.0866083332499999,-0.10681324175,0.1161355775,FALSE,FALSE,"Bayesian & Probabilistic Inference","Bayesian & Probabilistic Inference: L3-158: Bayesian Statistical Inference"
6,"L2-05: Bayesian & Probabilistic Inference",11,"L3-159: Probabilistic Uncertainty Quantification",-0.00139556074535795,0.0523996077634295,-0.086450219,0.082117189,-0.11866385525,0.10872128225,FALSE,FALSE,"Bayesian & Probabilistic Inference","Bayesian & Probabilistic Inference: L3-159: Probabilistic Uncertainty Quantification"
6,"L2-05: Bayesian & Probabilistic Inference",12,"L3-215: Numerical Glaciological Modeling",-0.00310379434884955,0.0540300755072444,-0.08996115055,0.0777438584499998,-0.1260386295,0.103912168,FALSE,FALSE,"Bayesian & Probabilistic Inference","Bayesian & Probabilistic Inference: L3-215: Numerical Glaciological Modeling"
7,"L2-06: Time Series & Sequence Analysis",1,"L3-000: Wavelet-Based Signal Decomposition",-0.00215791940070238,0.0506539866046699,-0.08589912685,0.0780385952499999,-0.1151873365,0.1059548255,FALSE,FALSE,"Time Series & Sequence Analysis","Time Series & Sequence Analysis: L3-000: Wavelet-Based Signal Decomposition"
7,"L2-06: Time Series & Sequence Analysis",2,"L3-012: Bayesian Change Point Analysis",-0.000435958022081867,0.0520526602715241,-0.0846698854,0.0814257875,-0.11677823725,0.1114918915,FALSE,FALSE,"Time Series & Sequence Analysis","Time Series & Sequence Analysis: L3-012: Bayesian Change Point Analysis"
7,"L2-06: Time Series & Sequence Analysis",3,"L3-073: Fourier and Spectral Analysis Methods",-0.00675794416658183,0.0529178152235954,-0.0993636079,0.07096048755,-0.134280891,0.096209029325,FALSE,FALSE,"Time Series & Sequence Analysis","Time Series & Sequence Analysis: L3-073: Fourier and Spectral Analysis Methods"
7,"L2-06: Time Series & Sequence Analysis",4,"L3-075: Time Series Signal Filtering",0.00906793755329085,0.0523827700209099,-0.0637164272,0.1005322105,-0.08878336265,0.13192860375,FALSE,FALSE,"Time Series & Sequence Analysis","Time Series & Sequence Analysis: L3-075: Time Series Signal Filtering"
7,"L2-06: Time Series & Sequence Analysis",5,"L3-100: Experimental Modal Analysis",0.0016229851247047,0.0518240250552861,-0.0792827298,0.08614839325,-0.10670121,0.1210288375,FALSE,FALSE,"Time Series & Sequence Analysis","Time Series & Sequence Analysis: L3-100: Experimental Modal Analysis"
7,"L2-06: Time Series & Sequence Analysis",6,"L3-111: Lag-Based Correlation Analysis",-0.000900504081081898,0.0510438548669153,-0.08176810075,0.0786914959,-0.1119882535,0.10891533075,FALSE,FALSE,"Time Series & Sequence Analysis","Time Series & Sequence Analysis: L3-111: Lag-Based Correlation Analysis"
7,"L2-06: Time Series & Sequence Analysis",7,"L3-136: Time Series Stationarity and Causality",-0.00115241171532144,0.0511324475464355,-0.0842485759,0.0795462880999999,-0.1163050125,0.10810028025,FALSE,FALSE,"Time Series & Sequence Analysis","Time Series & Sequence Analysis: L3-136: Time Series Stationarity and Causality"
7,"L2-06: Time Series & Sequence Analysis",8,"L3-145: Temporal Event and Sequence Analysis",0.000710814701801448,0.0513441268148863,-0.0815161411,0.0839154389499999,-0.1107047535,0.11489227075,FALSE,FALSE,"Time Series & Sequence Analysis","Time Series & Sequence Analysis: L3-145: Temporal Event and Sequence Analysis"
8,"L2-07: Chronological Modelling & Dating",1,"L3-028: Fuzzy Delphi and Rough Set Methods",0.00377518202507857,0.0531665620896806,-0.08006957985,0.09366934345,-0.105664028,0.12465681575,FALSE,FALSE,"Chronological Modelling & Dating","Chronological Modelling & Dating: L3-028: Fuzzy Delphi and Rough Set Methods"
8,"L2-07: Chronological Modelling & Dating",2,"L3-124: Radiocarbon Summed Probability Distributions",-0.00608003122425954,0.0533604598977376,-0.0975556034,0.0736592351,-0.13289441,0.099294395575,FALSE,FALSE,"Chronological Modelling & Dating","Chronological Modelling & Dating: L3-124: Radiocarbon Summed Probability Distributions"
8,"L2-07: Chronological Modelling & Dating",3,"L3-131: Bayesian Radiocarbon Calibration",-0.00496093988056914,0.0532196360237105,-0.09576417855,0.0748521369499999,-0.13003720125,0.1002811,FALSE,FALSE,"Chronological Modelling & Dating","Chronological Modelling & Dating: L3-131: Bayesian Radiocarbon Calibration"
8,"L2-07: Chronological Modelling & Dating",4,"L3-132: Chronostratigraphic Dating Methods",-0.00498454219693343,0.0532126923552175,-0.09455513855,0.0767669103,-0.13151936,0.10371213075,FALSE,FALSE,"Chronological Modelling & Dating","Chronological Modelling & Dating: L3-132: Chronostratigraphic Dating Methods"
8,"L2-07: Chronological Modelling & Dating",5,"L3-133: Bayesian Radiocarbon Wiggle Matching",0.00311793781872685,0.0521757749797763,-0.07663143985,0.09042173015,-0.104850747,0.1224409265,FALSE,FALSE,"Chronological Modelling & Dating","Chronological Modelling & Dating: L3-133: Bayesian Radiocarbon Wiggle Matching"
8,"L2-07: Chronological Modelling & Dating",6,"L3-140: Luminescence and ESR Dating",0.0071785338054664,0.0542507031854794,-0.07090191455,0.1003642195,-0.0978706241,0.136969762,FALSE,FALSE,"Chronological Modelling & Dating","Chronological Modelling & Dating: L3-140: Luminescence and ESR Dating"
8,"L2-07: Chronological Modelling & Dating",7,"L3-141: Nonlinear Structural Dynamic Analysis",0.00644962234550145,0.0541283350958962,-0.0704668525,0.0989259668,-0.09733936125,0.13477067975,FALSE,FALSE,"Chronological Modelling & Dating","Chronological Modelling & Dating: L3-141: Nonlinear Structural Dynamic Analysis"
8,"L2-07: Chronological Modelling & Dating",8,"L3-142: Bayesian Age-Depth Modeling",-0.0041036994461192,0.0534930868369596,-0.09385096495,0.07709383765,-0.129886016,0.1028718,FALSE,FALSE,"Chronological Modelling & Dating","Chronological Modelling & Dating: L3-142: Bayesian Age-Depth Modeling"
8,"L2-07: Chronological Modelling & Dating",9,"L3-144: Bayesian Chronological Modeling",0.00386128028299678,0.0522251753166043,-0.07572183745,0.0892361341,-0.1030343625,0.123899945,FALSE,FALSE,"Chronological Modelling & Dating","Chronological Modelling & Dating: L3-144: Bayesian Chronological Modeling"
8,"L2-07: Chronological Modelling & Dating",10,"L3-151: Radiometric and Luminescence Dating",0.00187027002163232,0.0522437680920498,-0.0793849619,0.0860621607,-0.109295763,0.1175633005,FALSE,FALSE,"Chronological Modelling & Dating","Chronological Modelling & Dating: L3-151: Radiometric and Luminescence Dating"
8,"L2-07: Chronological Modelling & Dating",11,"L3-153: Radiocarbon and Chronometric Dating",0.00686256797558411,0.0519654882638389,-0.06808137105,0.0959641072,-0.0931457042,0.1294888275,FALSE,FALSE,"Chronological Modelling & Dating","Chronological Modelling & Dating: L3-153: Radiocarbon and Chronometric Dating"
8,"L2-07: Chronological Modelling & Dating",12,"L3-154: Bayesian Radiocarbon Calibration",-0.0109318627785531,0.0542026864232199,-0.109549902,0.06337218165,-0.14480309475,0.088697160925,FALSE,FALSE,"Chronological Modelling & Dating","Chronological Modelling & Dating: L3-154: Bayesian Radiocarbon Calibration"
8,"L2-07: Chronological Modelling & Dating",13,"L3-238: Comparative and Historical Analysis Methods",-0.00205076269247229,0.05208972102469,-0.08847255615,0.07935439565,-0.12164200925,0.107368474,FALSE,FALSE,"Chronological Modelling & Dating","Chronological Modelling & Dating: L3-238: Comparative and Historical Analysis Methods"
9,"L2-08: Spatial Statistics & Point Pattern Analysis",1,"L3-025: Density-Based Clustering",0.00369639627312632,0.0514163757196642,-0.07516028365,0.09078577645,-0.101617381,0.123543411,FALSE,FALSE,"Spatial Statistics & Point Pattern Analysis","Spatial Statistics & Point Pattern Analysis: L3-025: Density-Based Clustering"
9,"L2-08: Spatial Statistics & Point Pattern Analysis",2,"L3-027: Poisson Point Process Modeling",0.0017078902384603,0.0514809660362766,-0.07996473025,0.085737207,-0.10558431825,0.11643061625,FALSE,FALSE,"Spatial Statistics & Point Pattern Analysis","Spatial Statistics & Point Pattern Analysis: L3-027: Poisson Point Process Modeling"
9,"L2-08: Spatial Statistics & Point Pattern Analysis",3,"L3-032: Polynomial Trend Surface Analysis",-0.00468747757375802,0.0517583586113125,-0.0901410364,0.07372909545,-0.12120618425,0.100545006,FALSE,FALSE,"Spatial Statistics & Point Pattern Analysis","Spatial Statistics & Point Pattern Analysis: L3-032: Polynomial Trend Surface Analysis"
9,"L2-08: Spatial Statistics & Point Pattern Analysis",4,"L3-033: Kernel Density Estimation",-0.00175056868327179,0.0503717473202382,-0.08426747255,0.0774580974999999,-0.11440476175,0.10522094525,FALSE,FALSE,"Spatial Statistics & Point Pattern Analysis","Spatial Statistics & Point Pattern Analysis: L3-033: Kernel Density Estimation"
9,"L2-08: Spatial Statistics & Point Pattern Analysis",5,"L3-155: Voronoi and Delaunay Geometric Methods",0.0013380632442055,0.0508664303469964,-0.07876603545,0.0839417069999999,-0.105441989,0.11311065425,FALSE,FALSE,"Spatial Statistics & Point Pattern Analysis","Spatial Statistics & Point Pattern Analysis: L3-155: Voronoi and Delaunay Geometric Methods"
9,"L2-08: Spatial Statistics & Point Pattern Analysis",6,"L3-210: Spatial Interpolation Methods",-0.00274607057346927,0.0518828100210032,-0.08791086185,0.07867250025,-0.11994285,0.108407833,FALSE,FALSE,"Spatial Statistics & Point Pattern Analysis","Spatial Statistics & Point Pattern Analysis: L3-210: Spatial Interpolation Methods"
9,"L2-08: Spatial Statistics & Point Pattern Analysis",7,"L3-211: Variogram Modeling",-0.00528045371341202,0.0535545421323224,-0.0958400104,0.0739038985999999,-0.1307270205,0.0995013218749999,FALSE,FALSE,"Spatial Statistics & Point Pattern Analysis","Spatial Statistics & Point Pattern Analysis: L3-211: Variogram Modeling"
9,"L2-08: Spatial Statistics & Point Pattern Analysis",8,"L3-212: Kriging Interpolation Methods",-0.001311790957266,0.0515705054260804,-0.08605758795,0.0802721278,-0.1140832155,0.1081145205,FALSE,FALSE,"Spatial Statistics & Point Pattern Analysis","Spatial Statistics & Point Pattern Analysis: L3-212: Kriging Interpolation Methods"
9,"L2-08: Spatial Statistics & Point Pattern Analysis",9,"L3-222: Spatial Autocorrelation and Geostatistics",0.00903467764574233,0.0514035255599547,-0.06472551325,0.0998085708499999,-0.0916876435,0.13502186575,FALSE,FALSE,"Spatial Statistics & Point Pattern Analysis","Spatial Statistics & Point Pattern Analysis: L3-222: Spatial Autocorrelation and Geostatistics"
10,"L2-09: GIS & Landscape Analysis",1,"L3-053: Local Relief Modeling",-0.00418909552182177,0.0524764038237721,-0.09125737105,0.07373307445,-0.1220362425,0.10223467425,FALSE,FALSE,"GIS & Landscape Analysis","GIS & Landscape Analysis: L3-053: Local Relief Modeling"
10,"L2-09: GIS & Landscape Analysis",2,"L3-066: Least Cost Path Modeling",0.00371809666865525,0.0508511003027574,-0.07483848375,0.08828836245,-0.0999225239,0.118045385,FALSE,FALSE,"GIS & Landscape Analysis","GIS & Landscape Analysis: L3-066: Least Cost Path Modeling"
10,"L2-09: GIS & Landscape Analysis",3,"L3-067: Weighted Multi-Criteria Cost Surface Modeling",-0.00544844007888091,0.0534506597587954,-0.09787272365,0.07403595015,-0.1310613105,0.10289986225,FALSE,FALSE,"GIS & Landscape Analysis","GIS & Landscape Analysis: L3-067: Weighted Multi-Criteria Cost Surface Modeling"
10,"L2-09: GIS & Landscape Analysis",4,"L3-093: Weighted Overlay and Entropy Methods",0.00184257602391072,0.0535161095622896,-0.0790262303,0.0888521254999999,-0.1122286645,0.121413908,FALSE,FALSE,"GIS & Landscape Analysis","GIS & Landscape Analysis: L3-093: Weighted Overlay and Entropy Methods"
10,"L2-09: GIS & Landscape Analysis",5,"L3-199: Viewshed and Intervisibility Analysis",-0.00782097133001361,0.0516139886133176,-0.09834987775,0.06782794545,-0.1318109535,0.091998528,FALSE,FALSE,"GIS & Landscape Analysis","GIS & Landscape Analysis: L3-199: Viewshed and Intervisibility Analysis"
10,"L2-09: GIS & Landscape Analysis",6,"L3-208: Digital Terrain Modeling and Analysis",0.00643672702640466,0.0528222122707553,-0.0713443851,0.1006510095,-0.1000202285,0.13191341425,FALSE,FALSE,"GIS & Landscape Analysis","GIS & Landscape Analysis: L3-208: Digital Terrain Modeling and Analysis"
10,"L2-09: GIS & Landscape Analysis",7,"L3-214: GIS-Based Landscape Characterization",-0.00410195680869926,0.0523005148664045,-0.0921718314,0.0756153515999999,-0.12327881875,0.10255060875,FALSE,FALSE,"GIS & Landscape Analysis","GIS & Landscape Analysis: L3-214: GIS-Based Landscape Characterization"
10,"L2-09: GIS & Landscape Analysis",8,"L3-217: Cartographic Data Analysis",0.00766458228629232,0.0526227634223374,-0.07034155975,0.0997477963499999,-0.096041022775,0.1322960135,FALSE,FALSE,"GIS & Landscape Analysis","GIS & Landscape Analysis: L3-217: Cartographic Data Analysis"
10,"L2-09: GIS & Landscape Analysis",9,"L3-218: Hydrological Sediment Yield Modeling",-0.0019592220920275,0.0526162894452906,-0.088489145,0.0814958676,-0.1201403855,0.11121074325,FALSE,FALSE,"GIS & Landscape Analysis","GIS & Landscape Analysis: L3-218: Hydrological Sediment Yield Modeling"
10,"L2-09: GIS & Landscape Analysis",10,"L3-223: Spatial Syntax and Modeling",0.000624600933187644,0.0500959866454193,-0.07980072855,0.08138130865,-0.1082618135,0.11052047575,FALSE,FALSE,"GIS & Landscape Analysis","GIS & Landscape Analysis: L3-223: Spatial Syntax and Modeling"
10,"L2-09: GIS & Landscape Analysis",11,"L3-225: GIS-Based Spatial Suitability Analysis",0.00608461737830152,0.0525411910705769,-0.07091166335,0.0972244659499999,-0.098972270125,0.1347297365,FALSE,FALSE,"GIS & Landscape Analysis","GIS & Landscape Analysis: L3-225: GIS-Based Spatial Suitability Analysis"
10,"L2-09: GIS & Landscape Analysis",12,"L3-226: Geographic Information System Modeling",-0.00357219485849269,0.0489825167131618,-0.0864618969,0.07251248975,-0.116148192,0.0978565481749999,FALSE,FALSE,"GIS & Landscape Analysis","GIS & Landscape Analysis: L3-226: Geographic Information System Modeling"
10,"L2-09: GIS & Landscape Analysis",13,"L3-228: Hydrological and Hydraulic Modeling",0.000725232052086387,0.0512694596298319,-0.07988276565,0.0852939929499999,-0.10814500675,0.113927371,FALSE,FALSE,"GIS & Landscape Analysis","GIS & Landscape Analysis: L3-228: Hydrological and Hydraulic Modeling"
11,"L2-10: Remote Sensing & Satellite Imagery",1,"L3-013: Remote Sensing Spectral Indices",-0.00510838721753706,0.0503521204151689,-0.09188605735,0.0711890273,-0.1223195225,0.0991797045,FALSE,FALSE,"Remote Sensing & Satellite Imagery","Remote Sensing & Satellite Imagery: L3-013: Remote Sensing Spectral Indices"
11,"L2-10: Remote Sensing & Satellite Imagery",2,"L3-072: Spectral Unmixing and Analysis",0.0033086521898967,0.0510236029013815,-0.0754902253,0.08954498975,-0.10312412075,0.12050375225,FALSE,FALSE,"Remote Sensing & Satellite Imagery","Remote Sensing & Satellite Imagery: L3-072: Spectral Unmixing and Analysis"
11,"L2-10: Remote Sensing & Satellite Imagery",3,"L3-172: Multispectral and Hyperspectral Imaging",-0.00180093424446618,0.0503137693142897,-0.08483376815,0.0783344767999999,-0.1133664395,0.108749468,FALSE,FALSE,"Remote Sensing & Satellite Imagery","Remote Sensing & Satellite Imagery: L3-172: Multispectral and Hyperspectral Imaging"
11,"L2-10: Remote Sensing & Satellite Imagery",4,"L3-175: Geospatial Image Orthorectification",-0.00638474363818273,0.0516347492064162,-0.09450236675,0.0699019595,-0.12958019775,0.09629651345,FALSE,FALSE,"Remote Sensing & Satellite Imagery","Remote Sensing & Satellite Imagery: L3-175: Geospatial Image Orthorectification"
11,"L2-10: Remote Sensing & Satellite Imagery",5,"L3-235: Remote Sensing Accuracy Metrics",0.00496772165614898,0.0517490168328295,-0.0716723378,0.09351209285,-0.09940414655,0.124647815,FALSE,FALSE,"Remote Sensing & Satellite Imagery","Remote Sensing & Satellite Imagery: L3-235: Remote Sensing Accuracy Metrics"
11,"L2-10: Remote Sensing & Satellite Imagery",6,"L3-237: SAR Interferometry and Inversion",-0.00399440671880566,0.0494988747284682,-0.0888615253,0.07196596175,-0.120544359,0.0965930586249999,FALSE,FALSE,"Remote Sensing & Satellite Imagery","Remote Sensing & Satellite Imagery: L3-237: SAR Interferometry and Inversion"
11,"L2-10: Remote Sensing & Satellite Imagery",7,"L3-240: Multispectral and Hyperspectral Imaging",0.00901528326476922,0.0494773368666353,-0.0604935274,0.0977299369999999,-0.085899761,0.12923181525,FALSE,FALSE,"Remote Sensing & Satellite Imagery","Remote Sensing & Satellite Imagery: L3-240: Multispectral and Hyperspectral Imaging"
12,"L2-11: Geophysical Prospection",1,"L3-002: Impulse Response Characterization",0.00621386506263522,0.0489960144074153,-0.064590175,0.08984151535,-0.088362167775,0.12482139875,FALSE,FALSE,"Geophysical Prospection","Geophysical Prospection: L3-002: Impulse Response Characterization"
12,"L2-11: Geophysical Prospection",2,"L3-048: Seismic Tomography and Migration",-0.00187572046878341,0.0480466443083835,-0.07964508035,0.0720477176499998,-0.1072622885,0.100435015,FALSE,FALSE,"Geophysical Prospection","Geophysical Prospection: L3-048: Seismic Tomography and Migration"
12,"L2-11: Geophysical Prospection",3,"L3-149: Paleomagnetic and Rock Magnetic Methods",-0.000553548437525111,0.0469199706219951,-0.0768574614,0.07436379595,-0.104711777,0.10322557175,FALSE,FALSE,"Geophysical Prospection","Geophysical Prospection: L3-149: Paleomagnetic and Rock Magnetic Methods"
12,"L2-11: Geophysical Prospection",4,"L3-150: Electrical Resistivity and GPR Prospecting",-0.00378267302429193,0.0479467380299333,-0.084692202,0.0674055309999999,-0.11528827775,0.094322755175,FALSE,FALSE,"Geophysical Prospection","Geophysical Prospection: L3-150: Electrical Resistivity and GPR Prospecting"
13,"L2-12: Photogrammetry & 3D Reconstruction",1,"L3-054: Point Cloud Registration and Alignment",0.00818434468454877,0.0517934428543076,-0.0672316065,0.102185048,-0.09216091775,0.134041942,FALSE,FALSE,"Photogrammetry & 3D Reconstruction","Photogrammetry & 3D Reconstruction: L3-054: Point Cloud Registration and Alignment"
13,"L2-12: Photogrammetry & 3D Reconstruction",2,"L3-068: X-ray Computed Tomography",-0.00217511499205,0.0503277175833382,-0.0865993692,0.07633642535,-0.11720556525,0.102572124,FALSE,FALSE,"Photogrammetry & 3D Reconstruction","Photogrammetry & 3D Reconstruction: L3-068: X-ray Computed Tomography"
13,"L2-12: Photogrammetry & 3D Reconstruction",3,"L3-071: Optical Interferometry and Profilometry",-0.00154291692791015,0.0505657268925765,-0.08486533875,0.0773390723999999,-0.114530377,0.10686013225,FALSE,FALSE,"Photogrammetry & 3D Reconstruction","Photogrammetry & 3D Reconstruction: L3-071: Optical Interferometry and Profilometry"
13,"L2-12: Photogrammetry & 3D Reconstruction",4,"L3-152: Laser and Structured Light 3D Scanning",0.00134845776471694,0.0490947554932322,-0.07704484825,0.0821166733999999,-0.1063755815,0.1098402325,FALSE,FALSE,"Photogrammetry & 3D Reconstruction","Photogrammetry & 3D Reconstruction: L3-152: Laser and Structured Light 3D Scanning"
13,"L2-12: Photogrammetry & 3D Reconstruction",5,"L3-161: Vector Geometry and Representation",0.000313115860342801,0.0519709017063032,-0.08182119,0.08261525195,-0.115806344,0.11449593075,FALSE,FALSE,"Photogrammetry & 3D Reconstruction","Photogrammetry & 3D Reconstruction: L3-161: Vector Geometry and Representation"
13,"L2-12: Photogrammetry & 3D Reconstruction",6,"L3-171: 3D Geometry and Reconstruction",0.00782621500550832,0.0498986277342981,-0.0657392844,0.0975568072,-0.088845576175,0.1273838255,FALSE,FALSE,"Photogrammetry & 3D Reconstruction","Photogrammetry & 3D Reconstruction: L3-171: 3D Geometry and Reconstruction"
13,"L2-12: Photogrammetry & 3D Reconstruction",7,"L3-189: Satellite-Based Geodetic Surveying",0.00210378167660791,0.0513973589956845,-0.07924865765,0.08667458,-0.11002709675,0.117075391,FALSE,FALSE,"Photogrammetry & 3D Reconstruction","Photogrammetry & 3D Reconstruction: L3-189: Satellite-Based Geodetic Surveying"
13,"L2-12: Photogrammetry & 3D Reconstruction",8,"L3-195: Photogrammetric Reconstruction",-0.00204110734705219,0.0481776533889072,-0.0815018238,0.0739577772999999,-0.1106237535,0.1015589285,FALSE,FALSE,"Photogrammetry & 3D Reconstruction","Photogrammetry & 3D Reconstruction: L3-195: Photogrammetric Reconstruction"
13,"L2-12: Photogrammetry & 3D Reconstruction",9,"L3-196: 3D Reconstruction and Depth Estimation",-0.0140212492671745,0.0537905767734261,-0.1151551645,0.05691152055,-0.150831765,0.08129245175,FALSE,FALSE,"Photogrammetry & 3D Reconstruction","Photogrammetry & 3D Reconstruction: L3-196: 3D Reconstruction and Depth Estimation"
14,"L2-13: Geometric Morphometrics",1,"L3-004: Spline-Based Smoothing and Interpolation",-0.00935473057176737,0.0516507985003291,-0.101410531,0.0616726528,-0.13561852025,0.0854505397999999,FALSE,FALSE,"Geometric Morphometrics","Geometric Morphometrics: L3-004: Spline-Based Smoothing and Interpolation"
14,"L2-13: Geometric Morphometrics",2,"L3-005: Procrustes Analysis Methods",0.00455851835926975,0.0510030729187508,-0.07099273595,0.0916474096,-0.09904682555,0.125717287,FALSE,FALSE,"Geometric Morphometrics","Geometric Morphometrics: L3-005: Procrustes Analysis Methods"
14,"L2-13: Geometric Morphometrics",3,"L3-094: Elliptic Fourier Shape Analysis",-0.00306066179351802,0.0493199831951583,-0.08457098995,0.0722478903,-0.11351425275,0.0994172202,FALSE,FALSE,"Geometric Morphometrics","Geometric Morphometrics: L3-094: Elliptic Fourier Shape Analysis"
14,"L2-13: Geometric Morphometrics",4,"L3-160: Triangular Geometric Analysis",0.00372691755998306,0.0516255871721874,-0.07425547955,0.08987478445,-0.104002476,0.120641907,FALSE,FALSE,"Geometric Morphometrics","Geometric Morphometrics: L3-160: Triangular Geometric Analysis"
14,"L2-13: Geometric Morphometrics",5,"L3-182: Landmark-Based Craniometric Analysis",-0.000998514032549242,0.0499035863154349,-0.08216322735,0.0777410858,-0.1136625415,0.105915958,FALSE,FALSE,"Geometric Morphometrics","Geometric Morphometrics: L3-182: Landmark-Based Craniometric Analysis"
14,"L2-13: Geometric Morphometrics",6,"L3-183: Geometric Morphometrics",0.00512479569011148,0.0488148766777592,-0.06859811235,0.0877146962499999,-0.096295684425,0.11773771875,FALSE,FALSE,"Geometric Morphometrics","Geometric Morphometrics: L3-183: Geometric Morphometrics"
15,"L2-14: Computer Vision & Image Processing",1,"L3-058: Circular Histogram Statistics",-0.00932817108550875,0.0557786085818515,-0.104470385,0.0687930816,-0.144182814,0.095488242975,FALSE,FALSE,"Computer Vision & Image Processing","Computer Vision & Image Processing: L3-058: Circular Histogram Statistics"
15,"L2-14: Computer Vision & Image Processing",2,"L3-059: Data Normalization and Standardization",0.0037211507251143,0.0532555235027976,-0.0757054776,0.09010535445,-0.10477565375,0.1249475705,FALSE,FALSE,"Computer Vision & Image Processing","Computer Vision & Image Processing: L3-059: Data Normalization and Standardization"
15,"L2-14: Computer Vision & Image Processing",3,"L3-076: Edge Detection and Filtering",0.00162924334055964,0.0537460949647472,-0.08237680255,0.0894605355999999,-0.114348117,0.12104945975,FALSE,FALSE,"Computer Vision & Image Processing","Computer Vision & Image Processing: L3-076: Edge Detection and Filtering"
15,"L2-14: Computer Vision & Image Processing",4,"L3-086: Optical and Electron Microscopy",-0.00168894337201484,0.0529835201790443,-0.0874538304,0.0798492424499999,-0.118019898,0.11381874975,FALSE,FALSE,"Computer Vision & Image Processing","Computer Vision & Image Processing: L3-086: Optical and Electron Microscopy"
15,"L2-14: Computer Vision & Image Processing",5,"L3-087: Advanced Infrared Thermography",0.00497518448325466,0.053418793958611,-0.07513520905,0.09581042385,-0.10541492125,0.12813171875,FALSE,FALSE,"Computer Vision & Image Processing","Computer Vision & Image Processing: L3-087: Advanced Infrared Thermography"
15,"L2-14: Computer Vision & Image Processing",6,"L3-102: Audio Signal Processing & Analysis",0.00542213677142691,0.0512432614079209,-0.0720042953,0.0939804577,-0.09655506635,0.12506552675,FALSE,FALSE,"Computer Vision & Image Processing","Computer Vision & Image Processing: L3-102: Audio Signal Processing & Analysis"
15,"L2-14: Computer Vision & Image Processing",7,"L3-108: Dental Microwear Texture Analysis",-0.00180975676131479,0.0537371377216378,-0.08798018275,0.0821070627,-0.12282572725,0.10929356525,FALSE,FALSE,"Computer Vision & Image Processing","Computer Vision & Image Processing: L3-108: Dental Microwear Texture Analysis"
15,"L2-14: Computer Vision & Image Processing",8,"L3-156: Histogram-Based Image Thresholding",0.00447099012177265,0.0539709627453194,-0.0761358868,0.0946667411499999,-0.10643319725,0.1269316295,FALSE,FALSE,"Computer Vision & Image Processing","Computer Vision & Image Processing: L3-156: Histogram-Based Image Thresholding"
15,"L2-14: Computer Vision & Image Processing",9,"L3-157: Image Segmentation Algorithms",0.00816271875078479,0.0537129050632052,-0.0702118427,0.101907678,-0.0942765082,0.137090634,FALSE,FALSE,"Computer Vision & Image Processing","Computer Vision & Image Processing: L3-157: Image Segmentation Algorithms"
15,"L2-14: Computer Vision & Image Processing",10,"L3-173: Handcrafted Texture and Shape Descriptors",-0.00372369330153986,0.0541447652122886,-0.0932913647,0.0784660991499999,-0.126880227,0.107900405,FALSE,FALSE,"Computer Vision & Image Processing","Computer Vision & Image Processing: L3-173: Handcrafted Texture and Shape Descriptors"
15,"L2-14: Computer Vision & Image Processing",11,"L3-174: Hand-Crafted Local Geometric Descriptors",-0.00558324940907233,0.0543464471919981,-0.0972874578,0.0745417727499999,-0.13238813375,0.10532608025,FALSE,FALSE,"Computer Vision & Image Processing","Computer Vision & Image Processing: L3-174: Hand-Crafted Local Geometric Descriptors"
15,"L2-14: Computer Vision & Image Processing",12,"L3-176: Imaging and Photogrammetric Analysis",-0.00120437195773719,0.0531070891889202,-0.08624677355,0.0822917356499999,-0.11869295075,0.1131493715,FALSE,FALSE,"Computer Vision & Image Processing","Computer Vision & Image Processing: L3-176: Imaging and Photogrammetric Analysis"
15,"L2-14: Computer Vision & Image Processing",13,"L3-177: Image Inpainting and Enhancement",0.00628770481861789,0.0533455359532349,-0.0726342523,0.0998999276,-0.0992739401,0.13229928925,FALSE,FALSE,"Computer Vision & Image Processing","Computer Vision & Image Processing: L3-177: Image Inpainting and Enhancement"
15,"L2-14: Computer Vision & Image Processing",14,"L3-178: Histogram-Based Radiometric Enhancement",-0.00599646766842366,0.0532413386669798,-0.0970739243,0.0722642409,-0.131632333,0.0971016547749999,FALSE,FALSE,"Computer Vision & Image Processing","Computer Vision & Image Processing: L3-178: Histogram-Based Radiometric Enhancement"
15,"L2-14: Computer Vision & Image Processing",15,"L3-179: Mathematical Morphology",0.00438693434923302,0.0539964374966465,-0.07676189315,0.0948236338,-0.1060332455,0.12920453525,FALSE,FALSE,"Computer Vision & Image Processing","Computer Vision & Image Processing: L3-179: Mathematical Morphology"
15,"L2-14: Computer Vision & Image Processing",16,"L3-180: Surface Texture and Gradient Metrics",0.00663183112735567,0.0539266868935148,-0.0719543691,0.100755524,-0.0998437165,0.13645662375,FALSE,FALSE,"Computer Vision & Image Processing","Computer Vision & Image Processing: L3-180: Surface Texture and Gradient Metrics"
15,"L2-14: Computer Vision & Image Processing",17,"L3-187: Image Recognition and OCR",-0.00690136589079463,0.0540950234198654,-0.100205167,0.07186938245,-0.136581557,0.099000858075,FALSE,FALSE,"Computer Vision & Image Processing","Computer Vision & Image Processing: L3-187: Image Recognition and OCR"
15,"L2-14: Computer Vision & Image Processing",18,"L3-188: Digital Image Analysis and Processing",-0.00727697777157759,0.0522471580622145,-0.09687376455,0.069272494,-0.13108976075,0.09753416845,FALSE,FALSE,"Computer Vision & Image Processing","Computer Vision & Image Processing: L3-188: Digital Image Analysis and Processing"
15,"L2-14: Computer Vision & Image Processing",19,"L3-190: Colorimetric and False Color Analysis",0.00060516255161945,0.054064756902166,-0.0835495807,0.0875688492999999,-0.1170655315,0.11610277075,FALSE,FALSE,"Computer Vision & Image Processing","Computer Vision & Image Processing: L3-190: Colorimetric and False Color Analysis"
15,"L2-14: Computer Vision & Image Processing",20,"L3-191: Colorimetric Color Space Transformations",-0.00277654607084023,0.0534644692197068,-0.0905065538,0.08026414855,-0.12554621425,0.10809897375,FALSE,FALSE,"Computer Vision & Image Processing","Computer Vision & Image Processing: L3-191: Colorimetric Color Space Transformations"
16,"L2-15: Machine Learning & Supervised Classification",1,"L3-003: Gradient Boosting Decision Trees",0.0121422937256727,0.0538589863912166,-0.0622297194,0.112602005,-0.084892722875,0.1474373995,FALSE,FALSE,"Machine Learning & Supervised Classification","Machine Learning & Supervised Classification: L3-003: Gradient Boosting Decision Trees"
16,"L2-15: Machine Learning & Supervised Classification",2,"L3-008: Decision Tree Algorithms",0.00191552002170496,0.0520274704699381,-0.08059260935,0.08680791275,-0.1096849775,0.11919467175,FALSE,FALSE,"Machine Learning & Supervised Classification","Machine Learning & Supervised Classification: L3-008: Decision Tree Algorithms"
16,"L2-15: Machine Learning & Supervised Classification",3,"L3-015: Discriminant Analysis Variants",-0.0137826436676601,0.0533040297958077,-0.1139095605,0.0583460843499998,-0.14795662925,0.08201638285,FALSE,FALSE,"Machine Learning & Supervised Classification","Machine Learning & Supervised Classification: L3-015: Discriminant Analysis Variants"
16,"L2-15: Machine Learning & Supervised Classification",4,"L3-017: Support Vector Machine Variants",0.00871946942882741,0.0519002805326875,-0.06542774275,0.101102178,-0.09046344535,0.1367018245,FALSE,FALSE,"Machine Learning & Supervised Classification","Machine Learning & Supervised Classification: L3-017: Support Vector Machine Variants"
16,"L2-15: Machine Learning & Supervised Classification",5,"L3-022: Random Forest Ensemble Methods",0.00460696822747463,0.0515130610457348,-0.0738137466,0.09156112135,-0.1000785795,0.1255027995,FALSE,FALSE,"Machine Learning & Supervised Classification","Machine Learning & Supervised Classification: L3-022: Random Forest Ensemble Methods"
16,"L2-15: Machine Learning & Supervised Classification",6,"L3-034: Bootstrap Aggregating Ensembles",-0.00113576606140721,0.0519046450238299,-0.0850301296,0.08037602485,-0.1160155205,0.1114671135,FALSE,FALSE,"Machine Learning & Supervised Classification","Machine Learning & Supervised Classification: L3-034: Bootstrap Aggregating Ensembles"
16,"L2-15: Machine Learning & Supervised Classification",7,"L3-039: Association Rule Mining Algorithms",-0.000406390330557187,0.0520261200293044,-0.08405902795,0.0814604609,-0.1148697405,0.10814176225,FALSE,FALSE,"Machine Learning & Supervised Classification","Machine Learning & Supervised Classification: L3-039: Association Rule Mining Algorithms"
16,"L2-15: Machine Learning & Supervised Classification",8,"L3-047: Cross-Validation Techniques",0.000963592995221361,0.0520197664228274,-0.08313851245,0.0849821349499999,-0.1117064395,0.11602911225,FALSE,FALSE,"Machine Learning & Supervised Classification","Machine Learning & Supervised Classification: L3-047: Cross-Validation Techniques"
16,"L2-15: Machine Learning & Supervised Classification",9,"L3-056: Nearest Neighbor Analysis",0.000178385754947636,0.0510789003404859,-0.08310270565,0.0821787541999999,-0.11136874575,0.11267722425,FALSE,FALSE,"Machine Learning & Supervised Classification","Machine Learning & Supervised Classification: L3-056: Nearest Neighbor Analysis"
16,"L2-15: Machine Learning & Supervised Classification",10,"L3-128: Modern Analogue Techniques",-0.0109956620709221,0.0553933718848944,-0.112184646,0.0649568129499999,-0.1454021855,0.0897457485,FALSE,FALSE,"Machine Learning & Supervised Classification","Machine Learning & Supervised Classification: L3-128: Modern Analogue Techniques"
16,"L2-15: Machine Learning & Supervised Classification",11,"L3-236: Automated Content Classification",-0.0022112023920991,0.0493864855706803,-0.08279247775,0.0752278594499999,-0.11248128275,0.10462701325,FALSE,FALSE,"Machine Learning & Supervised Classification","Machine Learning & Supervised Classification: L3-236: Automated Content Classification"
17,"L2-16: Deep Learning & Neural Networks",1,"L3-009: YOLO Object Detection Variants",0.0122741278107481,0.0560461243403049,-0.0631450614,0.112102977,-0.088933526125,0.14959764825,FALSE,FALSE,"Deep Learning & Neural Networks","Deep Learning & Neural Networks: L3-009: YOLO Object Detection Variants"
17,"L2-16: Deep Learning & Neural Networks",2,"L3-018: Image Data Augmentation",-0.00298490094647507,0.0526501153904455,-0.0908278856,0.0786069795,-0.12216541275,0.10828862925,FALSE,FALSE,"Deep Learning & Neural Networks","Deep Learning & Neural Networks: L3-018: Image Data Augmentation"
17,"L2-16: Deep Learning & Neural Networks",3,"L3-143: Multi-Scale Feature Fusion",-0.00357622069270416,0.0526676116893638,-0.08984392235,0.0771906561999999,-0.122745328,0.10395898875,FALSE,FALSE,"Deep Learning & Neural Networks","Deep Learning & Neural Networks: L3-143: Multi-Scale Feature Fusion"
17,"L2-16: Deep Learning & Neural Networks",4,"L3-170: Neural Radiance Field Rendering",-0.00283078138587545,0.0523562598789581,-0.08829852485,0.0788093492,-0.12014462375,0.107387105,FALSE,FALSE,"Deep Learning & Neural Networks","Deep Learning & Neural Networks: L3-170: Neural Radiance Field Rendering"
17,"L2-16: Deep Learning & Neural Networks",5,"L3-181: Deep Learning Loss Functions",-0.00159887346098841,0.0530212472682402,-0.08623284535,0.08082169205,-0.12185482125,0.11194104825,FALSE,FALSE,"Deep Learning & Neural Networks","Deep Learning & Neural Networks: L3-181: Deep Learning Loss Functions"
17,"L2-16: Deep Learning & Neural Networks",6,"L3-184: Denoising Diffusion Probabilistic Models",0.00624987378929614,0.0556021433814542,-0.07557079125,0.1012574945,-0.101516891,0.13900797575,FALSE,FALSE,"Deep Learning & Neural Networks","Deep Learning & Neural Networks: L3-184: Denoising Diffusion Probabilistic Models"
17,"L2-16: Deep Learning & Neural Networks",7,"L3-186: Few-Shot and Self-Supervised Adaptation",-0.0103911844553545,0.0537944789190729,-0.108148104,0.0658332381999999,-0.14504597,0.0908434183,FALSE,FALSE,"Deep Learning & Neural Networks","Deep Learning & Neural Networks: L3-186: Few-Shot and Self-Supervised Adaptation"
17,"L2-16: Deep Learning & Neural Networks",8,"L3-192: Generative Adversarial Networks",0.0111646564215403,0.0555090776714705,-0.0637208274,0.1118199045,-0.09005011935,0.15141497875,FALSE,FALSE,"Deep Learning & Neural Networks","Deep Learning & Neural Networks: L3-192: Generative Adversarial Networks"
17,"L2-16: Deep Learning & Neural Networks",9,"L3-197: Feedforward and Recurrent Neural Networks",-0.0109894716182302,0.0540120673214216,-0.1084371555,0.0651588632,-0.1443078945,0.0905175158999999,FALSE,FALSE,"Deep Learning & Neural Networks","Deep Learning & Neural Networks: L3-197: Feedforward and Recurrent Neural Networks"
17,"L2-16: Deep Learning & Neural Networks",10,"L3-198: Encoder-Decoder Architectures",0.00115442166783012,0.0546157484464762,-0.0848420388,0.0869145335,-0.114954152,0.118524809,FALSE,FALSE,"Deep Learning & Neural Networks","Deep Learning & Neural Networks: L3-198: Encoder-Decoder Architectures"
17,"L2-16: Deep Learning & Neural Networks",11,"L3-200: Spatial and Channel Attention Mechanisms",0.0064592706417619,0.0531460940780769,-0.07182244795,0.0990751736,-0.1000974115,0.1325343605,FALSE,FALSE,"Deep Learning & Neural Networks","Deep Learning & Neural Networks: L3-200: Spatial and Channel Attention Mechanisms"
17,"L2-16: Deep Learning & Neural Networks",12,"L3-201: Attention Mechanism Variants",0.00811934335990071,0.0549854042292813,-0.07018677645,0.105578944,-0.0981925488,0.14274866425,FALSE,FALSE,"Deep Learning & Neural Networks","Deep Learning & Neural Networks: L3-201: Attention Mechanism Variants"
17,"L2-16: Deep Learning & Neural Networks",13,"L3-202: Deep Learning Semantic Segmentation",0.00173867344486583,0.0518327327386129,-0.07954815905,0.0876892149,-0.1084899805,0.118633063,FALSE,FALSE,"Deep Learning & Neural Networks","Deep Learning & Neural Networks: L3-202: Deep Learning Semantic Segmentation"
17,"L2-16: Deep Learning & Neural Networks",14,"L3-203: Residual Learning Architectures",-0.000962959733230938,0.0533014577803691,-0.0881917589,0.0832015098,-0.11777082725,0.1121281305,FALSE,FALSE,"Deep Learning & Neural Networks","Deep Learning & Neural Networks: L3-203: Residual Learning Architectures"
17,"L2-16: Deep Learning & Neural Networks",15,"L3-204: Convolutional Neural Network Architectures",0.00134836910907328,0.0528977053020355,-0.0822770254,0.08638100675,-0.11389803125,0.120967565,FALSE,FALSE,"Deep Learning & Neural Networks","Deep Learning & Neural Networks: L3-204: Convolutional Neural Network Architectures"
17,"L2-16: Deep Learning & Neural Networks",16,"L3-205: Advanced Convolutional Architectures",-0.0112846620570199,0.054598127188799,-0.107762229,0.06322674195,-0.1463802345,0.088166137975,FALSE,FALSE,"Deep Learning & Neural Networks","Deep Learning & Neural Networks: L3-205: Advanced Convolutional Architectures"
17,"L2-16: Deep Learning & Neural Networks",17,"L3-206: Convolutional Neural Network Architectures",-0.0038837345387219,0.0521699666339882,-0.092159386,0.07545268845,-0.1250175165,0.10243928775,FALSE,FALSE,"Deep Learning & Neural Networks","Deep Learning & Neural Networks: L3-206: Convolutional Neural Network Architectures"
18,"L2-17: NLP & Text Mining",1,"L3-185: Pretrained Transformer Architectures",0.010093348859124,0.0462331115772732,-0.05198931895,0.09481202565,-0.071809436275,0.12806375325,FALSE,FALSE,"NLP & Text Mining","NLP & Text Mining: L3-185: Pretrained Transformer Architectures"
18,"L2-17: NLP & Text Mining",2,"L3-193: Natural Language Processing",-0.00229824774113028,0.0446790011733954,-0.075630507,0.0658843842,-0.10293025825,0.0904484327999999,FALSE,FALSE,"NLP & Text Mining","NLP & Text Mining: L3-193: Natural Language Processing"
18,"L2-17: NLP & Text Mining",3,"L3-194: Word Embedding Models",-0.00779258097187061,0.0458687174365021,-0.08927340435,0.05722950025,-0.11951807725,0.079253785875,FALSE,FALSE,"NLP & Text Mining","NLP & Text Mining: L3-194: Word Embedding Models"
19,"L2-18: Archaeometry & Compositional Analysis",1,"L3-035: Inductively Coupled Plasma Spectrometry",-0.00588618407766888,0.0517396444475673,-0.09479740825,0.07221401325,-0.1284557115,0.0978386923,FALSE,FALSE,"Archaeometry & Compositional Analysis","Archaeometry & Compositional Analysis: L3-035: Inductively Coupled Plasma Spectrometry"
19,"L2-18: Archaeometry & Compositional Analysis",2,"L3-036: Nuclear Magnetic Resonance Spectroscopy",0.0001205342627214,0.0556128930408766,-0.08641372915,0.0873607035,-0.11958851625,0.1219646355,FALSE,FALSE,"Archaeometry & Compositional Analysis","Archaeometry & Compositional Analysis: L3-036: Nuclear Magnetic Resonance Spectroscopy"
19,"L2-18: Archaeometry & Compositional Analysis",3,"L3-040: Polymerase Chain Reaction Variants",-0.00889347224691525,0.0538409628775199,-0.1024312255,0.06717603645,-0.140183958,0.09460259715,FALSE,FALSE,"Archaeometry & Compositional Analysis","Archaeometry & Compositional Analysis: L3-040: Polymerase Chain Reaction Variants"
19,"L2-18: Archaeometry & Compositional Analysis",4,"L3-042: Liquid Chromatography Variants",0.00780684413456696,0.0538741275795924,-0.0707179797,0.1041062185,-0.0939601838,0.14098000275,FALSE,FALSE,"Archaeometry & Compositional Analysis","Archaeometry & Compositional Analysis: L3-042: Liquid Chromatography Variants"
19,"L2-18: Archaeometry & Compositional Analysis",5,"L3-060: Neutron Activation Analysis",-0.0128491302577108,0.0570499386232908,-0.1180449485,0.0630106713499998,-0.15963999325,0.08695807365,FALSE,FALSE,"Archaeometry & Compositional Analysis","Archaeometry & Compositional Analysis: L3-060: Neutron Activation Analysis"
19,"L2-18: Archaeometry & Compositional Analysis",6,"L3-061: Microscopic Mineralogical Characterization",0.000724437331994118,0.0518036789525599,-0.0813232161,0.0877009904,-0.11136273775,0.11746301525,FALSE,FALSE,"Archaeometry & Compositional Analysis","Archaeometry & Compositional Analysis: L3-061: Microscopic Mineralogical Characterization"
19,"L2-18: Archaeometry & Compositional Analysis",7,"L3-074: X-ray and Neutron Diffraction",0.00517906173345477,0.0515183710925812,-0.0715584213,0.0938762853,-0.098871284,0.1245509215,FALSE,FALSE,"Archaeometry & Compositional Analysis","Archaeometry & Compositional Analysis: L3-074: X-ray and Neutron Diffraction"
19,"L2-18: Archaeometry & Compositional Analysis",8,"L3-077: Raman Spectroscopy Variants",-0.00282666546506999,0.0515513996134765,-0.088188994,0.07760993615,-0.11680811075,0.10612639425,FALSE,FALSE,"Archaeometry & Compositional Analysis","Archaeometry & Compositional Analysis: L3-077: Raman Spectroscopy Variants"
19,"L2-18: Archaeometry & Compositional Analysis",9,"L3-082: Fourier Transform Infrared Spectroscopy",0.00307969972634593,0.0503541262889268,-0.07669894745,0.08872983595,-0.103287811,0.119051265,FALSE,FALSE,"Archaeometry & Compositional Analysis","Archaeometry & Compositional Analysis: L3-082: Fourier Transform Infrared Spectroscopy"
19,"L2-18: Archaeometry & Compositional Analysis",10,"L3-083: Reflectance and Emission Spectroscopy",0.00121088931443735,0.0521823432570487,-0.0837403922,0.08562752965,-0.112153496,0.11806981525,FALSE,FALSE,"Archaeometry & Compositional Analysis","Archaeometry & Compositional Analysis: L3-083: Reflectance and Emission Spectroscopy"
19,"L2-18: Archaeometry & Compositional Analysis",11,"L3-084: Scanning Electron Microscopy with Energy Dispersive Spectroscopy",0.00711262800556378,0.0505929568665655,-0.0683724203,0.0949637892499999,-0.095132124925,0.12824096425,FALSE,FALSE,"Archaeometry & Compositional Analysis","Archaeometry & Compositional Analysis: L3-084: Scanning Electron Microscopy with Energy Dispersive Spectroscopy"
19,"L2-18: Archaeometry & Compositional Analysis",12,"L3-085: Microscopic and Microanalytical Methods",-0.0120319359243726,0.0555117439703904,-0.1114074755,0.0621992755499999,-0.149701908,0.085619872975,FALSE,FALSE,"Archaeometry & Compositional Analysis","Archaeometry & Compositional Analysis: L3-085: Microscopic and Microanalytical Methods"
19,"L2-18: Archaeometry & Compositional Analysis",13,"L3-088: X-ray Fluorescence and Absorption Spectroscopy",0.00211732051118001,0.0506816672293164,-0.0765551908,0.08606276025,-0.10599654925,0.11723194725,FALSE,FALSE,"Archaeometry & Compositional Analysis","Archaeometry & Compositional Analysis: L3-088: X-ray Fluorescence and Absorption Spectroscopy"
19,"L2-18: Archaeometry & Compositional Analysis",14,"L3-089: X-ray Fluorescence Spectroscopy",-0.00562659145588198,0.0523168968478169,-0.09417020985,0.0737839915,-0.1265727315,0.1014656435,FALSE,FALSE,"Archaeometry & Compositional Analysis","Archaeometry & Compositional Analysis: L3-089: X-ray Fluorescence Spectroscopy"
19,"L2-18: Archaeometry & Compositional Analysis",15,"L3-107: Chemometric and Spectroscopic Analysis",0.0113536636346639,0.0546191163965934,-0.0653368923,0.109839112,-0.088165691775,0.150065092,FALSE,FALSE,"Archaeometry & Compositional Analysis","Archaeometry & Compositional Analysis: L3-107: Chemometric and Spectroscopic Analysis"
19,"L2-18: Archaeometry & Compositional Analysis",16,"L3-168: Spectroscopic and Mass Spectrometric Analysis",0.000102482088916466,0.0539158246117006,-0.08553407815,0.08826796265,-0.117391743,0.1208279515,FALSE,FALSE,"Archaeometry & Compositional Analysis","Archaeometry & Compositional Analysis: L3-168: Spectroscopic and Mass Spectrometric Analysis"
19,"L2-18: Archaeometry & Compositional Analysis",17,"L3-209: Thermogravimetric and Thermal Analysis",0.00546916628650993,0.0537408083071218,-0.073775233,0.09727335895,-0.10138932225,0.13279763875,FALSE,FALSE,"Archaeometry & Compositional Analysis","Archaeometry & Compositional Analysis: L3-209: Thermogravimetric and Thermal Analysis"
19,"L2-18: Archaeometry & Compositional Analysis",18,"L3-233: Thermal Analysis and Spectroscopy",-0.00164843328213636,0.0531295888520979,-0.08781219175,0.08200087855,-0.11880787,0.11301166975,FALSE,FALSE,"Archaeometry & Compositional Analysis","Archaeometry & Compositional Analysis: L3-233: Thermal Analysis and Spectroscopy"
19,"L2-18: Archaeometry & Compositional Analysis",19,"L3-234: Differential Spectroscopic Methods",0.00549378962866746,0.0522904975558279,-0.0729783853,0.0958624383499999,-0.102713282,0.12789168275,FALSE,FALSE,"Archaeometry & Compositional Analysis","Archaeometry & Compositional Analysis: L3-234: Differential Spectroscopic Methods"
20,"L2-19: Isotope & Bioarchaeological Analysis",1,"L3-038: Ancient DNA and Population Genomics",-0.000906036853652775,0.0503542379735034,-0.08181360335,0.079303238,-0.11238167925,0.1065395765,FALSE,FALSE,"Isotope & Bioarchaeological Analysis","Isotope & Bioarchaeological Analysis: L3-038: Ancient DNA and Population Genomics"
20,"L2-19: Isotope & Bioarchaeological Analysis",2,"L3-041: DNA Sequencing and Metabarcoding",0.00200650493290446,0.0498876008957976,-0.0769688902,0.0836266953,-0.103485115,0.1147174165,FALSE,FALSE,"Isotope & Bioarchaeological Analysis","Isotope & Bioarchaeological Analysis: L3-041: DNA Sequencing and Metabarcoding"
20,"L2-19: Isotope & Bioarchaeological Analysis",3,"L3-043: Gas Chromatography Mass Spectrometry",-6.12765903304062e-05,0.0502814489554974,-0.08023520795,0.0797611247499999,-0.1116014795,0.107180963,FALSE,FALSE,"Isotope & Bioarchaeological Analysis","Isotope & Bioarchaeological Analysis: L3-043: Gas Chromatography Mass Spectrometry"
20,"L2-19: Isotope & Bioarchaeological Analysis",4,"L3-044: Mass Spectrometry-Based Proteomics",-0.00494666476397276,0.0507173625306192,-0.08950930875,0.0708485088,-0.1246475555,0.0962589164999999,FALSE,FALSE,"Isotope & Bioarchaeological Analysis","Isotope & Bioarchaeological Analysis: L3-044: Mass Spectrometry-Based Proteomics"
20,"L2-19: Isotope & Bioarchaeological Analysis",5,"L3-064: Bayesian Multi-Source Mixing Models",-0.00208619721176864,0.0491393238356746,-0.0821683344,0.0753070574499999,-0.110512782,0.10092442375,FALSE,FALSE,"Isotope & Bioarchaeological Analysis","Isotope & Bioarchaeological Analysis: L3-064: Bayesian Multi-Source Mixing Models"
20,"L2-19: Isotope & Bioarchaeological Analysis",6,"L3-065: End Member Mixing Models",0.00229542404305512,0.0509991518330766,-0.0765660442,0.0869030900499999,-0.1062134665,0.1197167475,FALSE,FALSE,"Isotope & Bioarchaeological Analysis","Isotope & Bioarchaeological Analysis: L3-065: End Member Mixing Models"
20,"L2-19: Isotope & Bioarchaeological Analysis",7,"L3-105: Stable Isotope Ratio Analysis",0.00369652112833982,0.0491129465129959,-0.07243671875,0.0878165152499999,-0.09815818765,0.1172732525,FALSE,FALSE,"Isotope & Bioarchaeological Analysis","Isotope & Bioarchaeological Analysis: L3-105: Stable Isotope Ratio Analysis"
21,"L2-20: Geoarchaeology & Sediment Analysis",1,"L3-121: Particle Size Distribution Analysis",0.00159454064894765,0.0394740117526873,-0.05899624435,0.0655814264,-0.083078005675,0.088403796675,FALSE,FALSE,"Geoarchaeology & Sediment Analysis","Geoarchaeology & Sediment Analysis: L3-121: Particle Size Distribution Analysis"
21,"L2-20: Geoarchaeology & Sediment Analysis",2,"L3-162: Micromorphological Residue Analysis",-0.00159339140280599,0.0394735390854883,-0.06556329785,0.0590431481499998,-0.0885183956,0.0831614963499999,FALSE,FALSE,"Geoarchaeology & Sediment Analysis","Geoarchaeology & Sediment Analysis: L3-162: Micromorphological Residue Analysis"
22,"L2-21: Agent-Based Modelling & Simulation",1,"L3-026: Monte Carlo Simulation Methods",-0.0229064536412503,0.0591206284375253,-0.137977482,0.0439067172,-0.18589670425,0.061481192975,FALSE,FALSE,"Agent-Based Modelling & Simulation","Agent-Based Modelling & Simulation: L3-026: Monte Carlo Simulation Methods"
22,"L2-21: Agent-Based Modelling & Simulation",2,"L3-081: Matrix Population Projection Models",-0.00136024391067489,0.0501418116825671,-0.0836638816,0.07800414975,-0.11169637975,0.11085273975,FALSE,FALSE,"Agent-Based Modelling & Simulation","Agent-Based Modelling & Simulation: L3-081: Matrix Population Projection Models"
22,"L2-21: Agent-Based Modelling & Simulation",3,"L3-097: Metaheuristic Optimization Algorithms",0.00714719073601562,0.0505251113647226,-0.06705299245,0.0968381865999999,-0.090728232925,0.12749814975,FALSE,FALSE,"Agent-Based Modelling & Simulation","Agent-Based Modelling & Simulation: L3-097: Metaheuristic Optimization Algorithms"
22,"L2-21: Agent-Based Modelling & Simulation",4,"L3-216: Process-Based Simulation Models",0.0104569186981962,0.0500950401505098,-0.05854705875,0.09969210555,-0.0811818949,0.13405466225,FALSE,FALSE,"Agent-Based Modelling & Simulation","Agent-Based Modelling & Simulation: L3-216: Process-Based Simulation Models"
22,"L2-21: Agent-Based Modelling & Simulation",5,"L3-220: Discrete and Agent-Based Simulation",-0.00576060357628969,0.0493180189343842,-0.09125580385,0.06730631535,-0.12322322775,0.0944434466249999,FALSE,FALSE,"Agent-Based Modelling & Simulation","Agent-Based Modelling & Simulation: L3-220: Discrete and Agent-Based Simulation"
22,"L2-21: Agent-Based Modelling & Simulation",6,"L3-231: Qualitative Data Analysis Methods",0.0124258046159008,0.0517940498022907,-0.05749492315,0.1087962265,-0.07752266,0.143865381,FALSE,FALSE,"Agent-Based Modelling & Simulation","Agent-Based Modelling & Simulation: L3-231: Qualitative Data Analysis Methods"
23,"L2-22: Network Analysis & Graph Theory",1,"L3-037: Network Centrality Metrics",-0.00237340115712661,0.049231453544632,-0.08546281865,0.0741749616499999,-0.11582955775,0.10005982525,FALSE,FALSE,"Network Analysis & Graph Theory","Network Analysis & Graph Theory: L3-037: Network Centrality Metrics"
23,"L2-22: Network Analysis & Graph Theory",2,"L3-055: Path Analysis and Network Modeling",-0.00238785945453109,0.0492048020442342,-0.0842670827,0.07523257975,-0.1138252625,0.1031887305,FALSE,FALSE,"Network Analysis & Graph Theory","Network Analysis & Graph Theory: L3-055: Path Analysis and Network Modeling"
23,"L2-22: Network Analysis & Graph Theory",3,"L3-079: Graph Structural Analysis",-0.000233478728745002,0.0484768349452383,-0.0782283557,0.0783308836,-0.1076211065,0.104976927,FALSE,FALSE,"Network Analysis & Graph Theory","Network Analysis & Graph Theory: L3-079: Graph Structural Analysis"
23,"L2-22: Network Analysis & Graph Theory",4,"L3-080: Network Analysis and Modeling",-0.0117308674548429,0.0500249856875168,-0.1015986265,0.0558639392,-0.138217557,0.07770956295,FALSE,FALSE,"Network Analysis & Graph Theory","Network Analysis & Graph Theory: L3-080: Network Analysis and Modeling"
23,"L2-22: Network Analysis & Graph Theory",5,"L3-091: Bibliometric and Scientometric Mapping",0.0167274219772434,0.0541880081646427,-0.0498608196,0.118530319,-0.070411888975,0.15811023025,FALSE,FALSE,"Network Analysis & Graph Theory","Network Analysis & Graph Theory: L3-091: Bibliometric and Scientometric Mapping"
24,"L2-23: Ecological & Palaeoenvironmental Modelling",1,"L3-051: Maximum Entropy and Maximum Likelihood Methods",0.00396185731671616,0.0501628329648047,-0.0699357994,0.08636579645,-0.096319668275,0.12036889775,FALSE,FALSE,"Ecological & Palaeoenvironmental Modelling","Ecological & Palaeoenvironmental Modelling: L3-051: Maximum Entropy and Maximum Likelihood Methods"
24,"L2-23: Ecological & Palaeoenvironmental Modelling",2,"L3-104: Ecological and Agricultural Suitability Indices",0.00391567438377624,0.0499559021636559,-0.07238689515,0.088078907,-0.098949420875,0.118669262,FALSE,FALSE,"Ecological & Palaeoenvironmental Modelling","Ecological & Palaeoenvironmental Modelling: L3-104: Ecological and Agricultural Suitability Indices"
24,"L2-23: Ecological & Palaeoenvironmental Modelling",3,"L3-213: Species Distribution Modeling",0.0042224911601246,0.0501505141023576,-0.0729943968,0.0911571478,-0.097137705725,0.123717009,FALSE,FALSE,"Ecological & Palaeoenvironmental Modelling","Ecological & Palaeoenvironmental Modelling: L3-213: Species Distribution Modeling"
24,"L2-23: Ecological & Palaeoenvironmental Modelling",4,"L3-219: Numerical Mass and Transport Balance",-0.00582966273471476,0.0519657588489973,-0.0947260651,0.0697538663,-0.13073483575,0.0964645883499999,FALSE,FALSE,"Ecological & Palaeoenvironmental Modelling","Ecological & Palaeoenvironmental Modelling: L3-219: Numerical Mass and Transport Balance"
24,"L2-23: Ecological & Palaeoenvironmental Modelling",5,"L3-224: Climate and Building Energy Modeling",0.00348134668645104,0.0504048643195483,-0.0740863355,0.08982316885,-0.10063702975,0.12123058225,FALSE,FALSE,"Ecological & Palaeoenvironmental Modelling","Ecological & Palaeoenvironmental Modelling: L3-224: Climate and Building Energy Modeling"
24,"L2-23: Ecological & Palaeoenvironmental Modelling",6,"L3-227: Lagrangian Particle Tracking",-0.00975316375152104,0.0512796462832423,-0.102613142,0.06062297025,-0.1372552395,0.0825757153749998,FALSE,FALSE,"Ecological & Palaeoenvironmental Modelling","Ecological & Palaeoenvironmental Modelling: L3-227: Lagrangian Particle Tracking"
25,"L2-24: Visualization & Scientific Communication",1,"L3-090: Multi-Criteria Decision Analysis",0.0170457456614247,0.055131797793687,-0.05072957065,0.118734666,-0.07123742445,0.15995179775,FALSE,FALSE,"Visualization & Scientific Communication","Visualization & Scientific Communication: L3-090: Multi-Criteria Decision Analysis"
25,"L2-24: Visualization & Scientific Communication",2,"L3-117: Bivariate Data Visualization",0.000928124720298024,0.0516940865765751,-0.08013833735,0.08395331695,-0.11155709325,0.11304625775,FALSE,FALSE,"Visualization & Scientific Communication","Visualization & Scientific Communication: L3-117: Bivariate Data Visualization"
25,"L2-24: Visualization & Scientific Communication",3,"L3-138: Finite Element and Related Numerical Methods",-0.00180509393669588,0.0500864591563904,-0.0838330197,0.07804987825,-0.11315207825,0.1069892345,FALSE,FALSE,"Visualization & Scientific Communication","Visualization & Scientific Communication: L3-138: Finite Element and Related Numerical Methods"
25,"L2-24: Visualization & Scientific Communication",4,"L3-139: Geotechnical Limit Analysis and Constitutive Modeling",-0.00359175273869327,0.0505188624091619,-0.0883176604,0.0733056061999999,-0.12185732625,0.09935338305,FALSE,FALSE,"Visualization & Scientific Communication","Visualization & Scientific Communication: L3-139: Geotechnical Limit Analysis and Constitutive Modeling"
25,"L2-24: Visualization & Scientific Communication",5,"L3-148: Virtual Osteological Reconstruction",0.00603952155515702,0.0507627610621324,-0.06945971785,0.09246881115,-0.0950224012,0.1262744735,FALSE,FALSE,"Visualization & Scientific Communication","Visualization & Scientific Communication: L3-148: Virtual Osteological Reconstruction"
25,"L2-24: Visualization & Scientific Communication",6,"L3-169: Parametric and Procedural Design",-0.0118439938083627,0.0526114280360811,-0.1060415775,0.05855209015,-0.1424821065,0.0807564615499999,FALSE,FALSE,"Visualization & Scientific Communication","Visualization & Scientific Communication: L3-169: Parametric and Procedural Design"
25,"L2-24: Visualization & Scientific Communication",7,"L3-207: Visual Pattern Recognition",-0.00677282015779218,0.0524754057347562,-0.0966010145,0.06828253755,-0.13086375725,0.0952228621999999,FALSE,FALSE,"Visualization & Scientific Communication","Visualization & Scientific Communication: L3-207: Visual Pattern Recognition"
