"g","level_2_mid","k","level_3_fine","mean_gamma","sd_gamma","lo90","hi90","lo95","hi95","sig90","sig95","group_label","method_id"
1,"L2-000: Curve and Tensor Smoothing",1,"L3-097: Tensor Smoothing and Decomposition",0.179810085548285,0.22576823641549,-0.159252319906232,0.580711184981196,-0.225902968461465,0.684200180165066,FALSE,FALSE,"Curve and Tensor Smoothing","Curve and Tensor Smoothing: L3-097: Tensor Smoothing and Decomposition"
1,"L2-000: Curve and Tensor Smoothing",2,"L3-101: Spline Smoothing Methods",-0.105990024771521,0.220288310167535,-0.491192965424089,0.230153034589794,-0.577677549558556,0.292975972364345,FALSE,FALSE,"Curve and Tensor Smoothing","Curve and Tensor Smoothing: L3-101: Spline Smoothing Methods"
1,"L2-000: Curve and Tensor Smoothing",3,"L3-104: Curve and Tensor Smoothing",-0.0407872193714515,0.210757235946487,-0.393659886379694,0.295586205801154,-0.478694461463851,0.368485160414337,FALSE,FALSE,"Curve and Tensor Smoothing","Curve and Tensor Smoothing: L3-104: Curve and Tensor Smoothing"
1,"L2-000: Curve and Tensor Smoothing",4,"L3-105: Relief Modeling and Visualization",-0.0330382537896561,0.211499222397238,-0.387254030842839,0.308480038620681,-0.465469856910185,0.376949400221885,FALSE,FALSE,"Curve and Tensor Smoothing","Curve and Tensor Smoothing: L3-105: Relief Modeling and Visualization"
2,"L2-001: Spectral Signal Processing Methods",1,"L3-089: Signal Filtering Techniques",0.0561624075570571,0.191264497472881,-0.251559603768,0.378277844191295,-0.310425707348694,0.448324146909369,FALSE,FALSE,"Spectral Signal Processing Methods","Spectral Signal Processing Methods: L3-089: Signal Filtering Techniques"
2,"L2-001: Spectral Signal Processing Methods",2,"L3-115: Spectral Unmixing and Decomposition",-0.126344695310647,0.196530962868873,-0.469714644608824,0.178098667182463,-0.547433298865428,0.233561791444225,FALSE,FALSE,"Spectral Signal Processing Methods","Spectral Signal Processing Methods: L3-115: Spectral Unmixing and Decomposition"
2,"L2-001: Spectral Signal Processing Methods",3,"L3-128: Spectral Feature Extraction",0.0939344171940596,0.193689196271362,-0.212852982286638,0.425470151967596,-0.266418417513408,0.501717445141243,FALSE,FALSE,"Spectral Signal Processing Methods","Spectral Signal Processing Methods: L3-128: Spectral Feature Extraction"
2,"L2-001: Spectral Signal Processing Methods",4,"L3-129: Spectral Analysis and Modeling",-0.023773840807969,0.178527360026964,-0.327057747608072,0.263863052882098,-0.385539847183927,0.325574279885468,FALSE,FALSE,"Spectral Signal Processing Methods","Spectral Signal Processing Methods: L3-129: Spectral Analysis and Modeling"
3,"L2-002: Spectral and Acoustic Analysis",1,"L3-146: Computational Acoustics and Audio",-0.0243197450741022,0.163675170462315,-0.299146031155422,0.244322953811952,-0.360494812393619,0.304392303051698,FALSE,FALSE,"Spectral and Acoustic Analysis","Spectral and Acoustic Analysis: L3-146: Computational Acoustics and Audio"
3,"L2-002: Spectral and Acoustic Analysis",2,"L3-147: Signal Transform and Spectral Analysis",0.0243183481204154,0.16367879116468,-0.243872678581283,0.298920333994372,-0.304204154515752,0.359874130441674,FALSE,FALSE,"Spectral and Acoustic Analysis","Spectral and Acoustic Analysis: L3-147: Signal Transform and Spectral Analysis"
4,"L2-003: Advanced Analytical & Modeling Methods",1,"L3-122: Constraint-Based Symbolic Reasoning",0.0614352388252767,0.230411019583181,-0.304178326097358,0.445754285175973,-0.389678966292499,0.529649557185642,FALSE,FALSE,"Advanced Analytical & Modeling Methods","Advanced Analytical & Modeling Methods: L3-122: Constraint-Based Symbolic Reasoning"
4,"L2-003: Advanced Analytical & Modeling Methods",2,"L3-151: Model Interpretability Techniques",0.153517195051143,0.242329138799734,-0.209082842078759,0.581929272534456,-0.283456698515703,0.688516160242935,FALSE,FALSE,"Advanced Analytical & Modeling Methods","Advanced Analytical & Modeling Methods: L3-151: Model Interpretability Techniques"
4,"L2-003: Advanced Analytical & Modeling Methods",3,"L3-161: Quantitative Analysis Techniques",0.0996508275438859,0.209509380459477,-0.235571604168069,0.46077620341389,-0.303481708291577,0.537660244891649,FALSE,FALSE,"Advanced Analytical & Modeling Methods","Advanced Analytical & Modeling Methods: L3-161: Quantitative Analysis Techniques"
4,"L2-003: Advanced Analytical & Modeling Methods",4,"L3-169: Ranking and Classification Methods",-0.0264007176031109,0.231814606938489,-0.407465907965625,0.354091039531107,-0.500618626092084,0.43010784900242,FALSE,FALSE,"Advanced Analytical & Modeling Methods","Advanced Analytical & Modeling Methods: L3-169: Ranking and Classification Methods"
4,"L2-003: Advanced Analytical & Modeling Methods",5,"L3-171: Model Validation & Comparison",-0.0553570958384259,0.201432638836158,-0.398626408440487,0.260739220815831,-0.479601158700451,0.331796382871006,FALSE,FALSE,"Advanced Analytical & Modeling Methods","Advanced Analytical & Modeling Methods: L3-171: Model Validation & Comparison"
4,"L2-003: Advanced Analytical & Modeling Methods",6,"L3-172: Association Rule Mining",0.0360870513920076,0.235570726043352,-0.343992484086028,0.430338445407229,-0.416268523844575,0.520349449413966,FALSE,FALSE,"Advanced Analytical & Modeling Methods","Advanced Analytical & Modeling Methods: L3-172: Association Rule Mining"
4,"L2-003: Advanced Analytical & Modeling Methods",7,"L3-176: Computational Simulation & Modeling",0.0316583656267618,0.213340920648806,-0.312089949749455,0.391768122312776,-0.385836543397959,0.47626992668353,FALSE,FALSE,"Advanced Analytical & Modeling Methods","Advanced Analytical & Modeling Methods: L3-176: Computational Simulation & Modeling"
4,"L2-003: Advanced Analytical & Modeling Methods",8,"L3-177: Statistical Robustness & Risk Analysis",0.0328491955997677,0.21823787552456,-0.329677492369809,0.39418070922881,-0.407385213851582,0.468720126746561,FALSE,FALSE,"Advanced Analytical & Modeling Methods","Advanced Analytical & Modeling Methods: L3-177: Statistical Robustness & Risk Analysis"
4,"L2-003: Advanced Analytical & Modeling Methods",9,"L3-178: Computational Analytical Methods",-0.474798976792886,0.226289582758064,-0.848535232476859,-0.0989198226047882,-0.935194477674372,-0.0395896514107913,TRUE,TRUE,"Advanced Analytical & Modeling Methods","Advanced Analytical & Modeling Methods: L3-178: Computational Analytical Methods"
4,"L2-003: Advanced Analytical & Modeling Methods",10,"L3-182: Sensitivity and Choice Analysis",-0.0681812208970766,0.212467692853513,-0.430875357061199,0.270900685213269,-0.522620731908324,0.337858205465569,FALSE,FALSE,"Advanced Analytical & Modeling Methods","Advanced Analytical & Modeling Methods: L3-182: Sensitivity and Choice Analysis"
4,"L2-003: Advanced Analytical & Modeling Methods",11,"L3-183: Quantitative Modeling & Analysis",0.160671605024859,0.203753033634271,-0.155265285461192,0.516118229635116,-0.212601956046557,0.595891768335545,FALSE,FALSE,"Advanced Analytical & Modeling Methods","Advanced Analytical & Modeling Methods: L3-183: Quantitative Modeling & Analysis"
4,"L2-003: Advanced Analytical & Modeling Methods",12,"L3-184: Evaluation and Validation",0.200165476147736,0.220410909865258,-0.13640492826922,0.58406563000365,-0.201908213014739,0.669843069342865,FALSE,FALSE,"Advanced Analytical & Modeling Methods","Advanced Analytical & Modeling Methods: L3-184: Evaluation and Validation"
4,"L2-003: Advanced Analytical & Modeling Methods",13,"L3-185: Diagnostic Evaluation Metrics",-0.151325746468625,0.241040433218633,-0.577013278097573,0.206392007403249,-0.685910321851456,0.278300626540215,FALSE,FALSE,"Advanced Analytical & Modeling Methods","Advanced Analytical & Modeling Methods: L3-185: Diagnostic Evaluation Metrics"
5,"L2-004: Distance and Similarity Metrics",1,"L3-017: Similarity Analysis Methods",0.102289019296228,0.202320547553687,-0.206710920186105,0.454233231225087,-0.269292884199653,0.540122424005893,FALSE,FALSE,"Distance and Similarity Metrics","Distance and Similarity Metrics: L3-017: Similarity Analysis Methods"
5,"L2-004: Distance and Similarity Metrics",2,"L3-082: Matrix-Based Distance Analysis",-0.101089821209138,0.197079245911213,-0.441061109082704,0.199144889261501,-0.522187660314023,0.266704370122202,FALSE,FALSE,"Distance and Similarity Metrics","Distance and Similarity Metrics: L3-082: Matrix-Based Distance Analysis"
5,"L2-004: Distance and Similarity Metrics",3,"L3-083: Distance Metric Algorithms",-0.00120280268905724,0.192810362920101,-0.31876494297078,0.31886369291668,-0.388557396977915,0.388694101364815,FALSE,FALSE,"Distance and Similarity Metrics","Distance and Similarity Metrics: L3-083: Distance Metric Algorithms"
6,"L2-005: Temporal and Change Analysis",1,"L3-048: Change Point Detection",-0.05265769172005,0.162524649496016,-0.334149820242533,0.199030595262556,-0.400266775442545,0.257261496717875,FALSE,FALSE,"Temporal and Change Analysis","Temporal and Change Analysis: L3-048: Change Point Detection"
6,"L2-005: Temporal and Change Analysis",2,"L3-062: Temporal Dynamics Modeling",0.0526552118772097,0.162523884714222,-0.199342644517775,0.334517774691141,-0.258989886916311,0.400107597066968,FALSE,FALSE,"Temporal and Change Analysis","Temporal and Change Analysis: L3-062: Temporal Dynamics Modeling"
7,"L2-006: Spatial Path and Cost Analysis",1,"L3-087: Least Cost Path Modeling",-0.0565900504089203,0.153720736920173,-0.317809573584242,0.185988948894968,-0.384048389377758,0.234858041567296,FALSE,FALSE,"Spatial Path and Cost Analysis","Spatial Path and Cost Analysis: L3-087: Least Cost Path Modeling"
7,"L2-006: Spatial Path and Cost Analysis",2,"L3-088: Spatial Pathfinding and Cost Metrics",0.0565939066098888,0.15370727466006,-0.185929496984299,0.317753436727873,-0.234548241806701,0.38430399077972,FALSE,FALSE,"Spatial Path and Cost Analysis","Spatial Path and Cost Analysis: L3-088: Spatial Pathfinding and Cost Metrics"
8,"L2-007: Geophysical Numerical Modeling",1,"L3-092: Geomechanics Computational Methods",0.0200678667555724,0.17414124120819,-0.262659458297166,0.310076698989426,-0.321839889237714,0.375527063850014,FALSE,FALSE,"Geophysical Numerical Modeling","Geophysical Numerical Modeling: L3-092: Geomechanics Computational Methods"
8,"L2-007: Geophysical Numerical Modeling",2,"L3-139: Glacial Numerical Modeling",0.000851718283219079,0.220217090120584,-0.365827248788996,0.36253028881844,-0.453670879484894,0.44715967895317,FALSE,FALSE,"Geophysical Numerical Modeling","Geophysical Numerical Modeling: L3-139: Glacial Numerical Modeling"
8,"L2-007: Geophysical Numerical Modeling",3,"L3-155: Atmospheric and Oceanic Modeling",-0.0661895832634703,0.188845509782484,-0.383956853113243,0.233290389443991,-0.451824225054468,0.29439729414394,FALSE,FALSE,"Geophysical Numerical Modeling","Geophysical Numerical Modeling: L3-155: Atmospheric and Oceanic Modeling"
8,"L2-007: Geophysical Numerical Modeling",4,"L3-156: Mass and Solute Transport Modeling",-0.0533709158374942,0.225235386959256,-0.435833365987209,0.304833095120779,-0.527390555844365,0.390626638101569,FALSE,FALSE,"Geophysical Numerical Modeling","Geophysical Numerical Modeling: L3-156: Mass and Solute Transport Modeling"
8,"L2-007: Geophysical Numerical Modeling",5,"L3-159: Fluid Dynamics Simulation",0.113839805913204,0.201546332967537,-0.203816120107588,0.462577341445954,-0.259546060324085,0.54052975511656,FALSE,FALSE,"Geophysical Numerical Modeling","Geophysical Numerical Modeling: L3-159: Fluid Dynamics Simulation"
8,"L2-007: Geophysical Numerical Modeling",6,"L3-160: Hydrological and Hydraulic Modeling",-0.0151908570812668,0.205146172990002,-0.359307526823359,0.322379764036948,-0.433380476918691,0.387999218457238,FALSE,FALSE,"Geophysical Numerical Modeling","Geophysical Numerical Modeling: L3-160: Hydrological and Hydraulic Modeling"
9,"L2-008: Computational Modeling & Simulation",1,"L3-136: Structural Analysis & Simulation",0.0241222060155407,0.206111339540776,-0.311539082151493,0.365121356305608,-0.381769023441038,0.444102877469215,FALSE,FALSE,"Computational Modeling & Simulation","Computational Modeling & Simulation: L3-136: Structural Analysis & Simulation"
9,"L2-008: Computational Modeling & Simulation",2,"L3-167: Dynamic System Modeling",0.079242328896024,0.2219399836796,-0.273179480444978,0.459951576122022,-0.347435392020839,0.541407051245092,FALSE,FALSE,"Computational Modeling & Simulation","Computational Modeling & Simulation: L3-167: Dynamic System Modeling"
9,"L2-008: Computational Modeling & Simulation",3,"L3-168: Transportation Network Modeling",-0.0473793030085476,0.226776532851456,-0.43579163533106,0.317969131188406,-0.524626958754342,0.392008732376825,FALSE,FALSE,"Computational Modeling & Simulation","Computational Modeling & Simulation: L3-168: Transportation Network Modeling"
9,"L2-008: Computational Modeling & Simulation",4,"L3-173: Discrete Event & Agent Simulation",-0.0793670683293475,0.18612744148623,-0.399998898145415,0.217291437743421,-0.469732742215895,0.269622036219207,FALSE,FALSE,"Computational Modeling & Simulation","Computational Modeling & Simulation: L3-173: Discrete Event & Agent Simulation"
9,"L2-008: Computational Modeling & Simulation",5,"L3-175: Mechanical System Simulation",-0.114113403076255,0.221533287251327,-0.501606989588287,0.226218126627477,-0.592883734583579,0.289411738002221,FALSE,FALSE,"Computational Modeling & Simulation","Computational Modeling & Simulation: L3-175: Mechanical System Simulation"
9,"L2-008: Computational Modeling & Simulation",6,"L3-179: Quantum Computational Methods",0.108820433207135,0.214023660675909,-0.223322561882046,0.474431576833538,-0.287808545895249,0.571721388583452,FALSE,FALSE,"Computational Modeling & Simulation","Computational Modeling & Simulation: L3-179: Quantum Computational Methods"
9,"L2-008: Computational Modeling & Simulation",7,"L3-180: Molecular & Physical Simulation",0.0286734809071932,0.16079937183128,-0.233858326063849,0.296124215260165,-0.291681068417904,0.348605836981445,FALSE,FALSE,"Computational Modeling & Simulation","Computational Modeling & Simulation: L3-180: Molecular & Physical Simulation"
10,"L2-009: Geophysical & Geochemical Modeling",1,"L3-134: Geochemical Isotope & Elemental Modeling",-0.0528795924501454,0.168954473195551,-0.338235361949758,0.213749543210425,-0.404527211619131,0.269719346204627,FALSE,FALSE,"Geophysical & Geochemical Modeling","Geophysical & Geochemical Modeling: L3-134: Geochemical Isotope & Elemental Modeling"
10,"L2-009: Geophysical & Geochemical Modeling",2,"L3-135: Seismic Data Analysis",0.0528838528999204,0.16895245100222,-0.213687882510547,0.338407231857044,-0.269766240790131,0.404856932652046,FALSE,FALSE,"Geophysical & Geochemical Modeling","Geophysical & Geochemical Modeling: L3-135: Seismic Data Analysis"
11,"L2-010: Building & Fire Simulation",1,"L3-174: Numerical Analysis Methods",-0.0497533548080383,0.151241388342744,-0.302668397289899,0.192968020045017,-0.362711943243346,0.243567094615791,FALSE,FALSE,"Building & Fire Simulation","Building & Fire Simulation: L3-174: Numerical Analysis Methods"
11,"L2-010: Building & Fire Simulation",2,"L3-181: Building Performance Simulation",0.0497533931796584,0.151247885212506,-0.192706576152842,0.302953588683296,-0.244605897900291,0.363028549671001,FALSE,FALSE,"Building & Fire Simulation","Building & Fire Simulation: L3-181: Building Performance Simulation"
12,"L2-011: Database and Vector Operations",1,"L3-002: Relational Database Operations",0.041288039534916,0.188277052891638,-0.2574273700363,0.36108037667818,-0.319474696246991,0.437249216343407,FALSE,FALSE,"Database and Vector Operations","Database and Vector Operations: L3-002: Relational Database Operations"
12,"L2-011: Database and Vector Operations",2,"L3-056: Data Normalization and Encoding",-0.0103688835970873,0.19678267950307,-0.337839309014692,0.311956357983624,-0.413637434434315,0.386306030786489,FALSE,FALSE,"Database and Vector Operations","Database and Vector Operations: L3-056: Data Normalization and Encoding"
12,"L2-011: Database and Vector Operations",3,"L3-057: Vector Database and Operations",-0.030917242192417,0.194910157264805,-0.361627909729266,0.28237797603426,-0.429707001224467,0.352019231764853,FALSE,FALSE,"Database and Vector Operations","Database and Vector Operations: L3-057: Vector Database and Operations"
13,"L2-012: Core Data Science Techniques",1,"L3-049: Ensemble Learning Methods",0.0858226798863767,0.213615918722328,-0.249832672470826,0.446492944106418,-0.318101197214355,0.538508636227648,FALSE,FALSE,"Core Data Science Techniques","Core Data Science Techniques: L3-049: Ensemble Learning Methods"
13,"L2-012: Core Data Science Techniques",2,"L3-050: Cryptographic Security Methods",-0.0195429910608975,0.22361161433647,-0.394724245449545,0.339672338904202,-0.474154119591967,0.430402618564389,FALSE,FALSE,"Core Data Science Techniques","Core Data Science Techniques: L3-050: Cryptographic Security Methods"
13,"L2-012: Core Data Science Techniques",3,"L3-065: Iterative and Optimization Methods",0.144098280773469,0.145386908721989,-0.0831156457159251,0.392400987808485,-0.130315604727609,0.445884934173356,FALSE,FALSE,"Core Data Science Techniques","Core Data Science Techniques: L3-065: Iterative and Optimization Methods"
13,"L2-012: Core Data Science Techniques",4,"L3-068: Data Preprocessing and Management",-0.154095424247525,0.188610173014598,-0.480538064783944,0.133282029109635,-0.54972699747417,0.193892377689785,FALSE,FALSE,"Core Data Science Techniques","Core Data Science Techniques: L3-068: Data Preprocessing and Management"
13,"L2-012: Core Data Science Techniques",5,"L3-079: Statistical and Computational Modeling",-0.105246875856055,0.169777766162252,-0.3945989126316,0.165063937867052,-0.452786579448137,0.216601524443461,FALSE,FALSE,"Core Data Science Techniques","Core Data Science Techniques: L3-079: Statistical and Computational Modeling"
13,"L2-012: Core Data Science Techniques",6,"L3-080: Unsupervised Clustering Algorithms",0.0489732436049345,0.132051132306913,-0.165546404557102,0.273799695651418,-0.210509216443954,0.318537549696011,FALSE,FALSE,"Core Data Science Techniques","Core Data Science Techniques: L3-080: Unsupervised Clustering Algorithms"
14,"L2-013: Web Data Acquisition & Processing",1,"L3-004: Web Data Extraction",-2.51287311396026e-06,0.000251189273388261,-0.000412943790956935,0.000413680730741614,-0.000520605522862715,0.000501362359927115,FALSE,FALSE,"Web Data Acquisition & Processing","Web Data Acquisition & Processing: L3-004: Web Data Extraction"
15,"L2-014: Spatial Statistical Modeling",1,"L3-001: Hierarchical Clustering Methods",-0.0882521206648992,0.161788912645755,-0.364451047467219,0.162977474004807,-0.42580692653476,0.21227931921725,FALSE,FALSE,"Spatial Statistical Modeling","Spatial Statistical Modeling: L3-001: Hierarchical Clustering Methods"
15,"L2-014: Spatial Statistical Modeling",2,"L3-003: Kernel Density Analysis",0.129298740545255,0.158310029596237,-0.110253818642894,0.403591926583609,-0.158601116887688,0.464874794978553,FALSE,FALSE,"Spatial Statistical Modeling","Spatial Statistical Modeling: L3-003: Kernel Density Analysis"
15,"L2-014: Spatial Statistical Modeling",3,"L3-011: Advanced Spatial Statistical Methods",-0.0410403240454781,0.13594679879857,-0.266212024577065,0.174809581280887,-0.318415252115995,0.22577936293947,FALSE,FALSE,"Spatial Statistical Modeling","Spatial Statistical Modeling: L3-011: Advanced Spatial Statistical Methods"
16,"L2-015: Geostatistical Interpolation & Modeling",1,"L3-005: Surface Characterization & Modeling",-0.0521590789625618,0.194241214027838,-0.381317186986955,0.246796603515356,-0.458308494579256,0.328738588161361,FALSE,FALSE,"Geostatistical Interpolation & Modeling","Geostatistical Interpolation & Modeling: L3-005: Surface Characterization & Modeling"
16,"L2-015: Geostatistical Interpolation & Modeling",2,"L3-006: Trend Surface Modeling",0.0854177999781874,0.200882809666868,-0.23188479793825,0.425350578960606,-0.29706938531011,0.506831227900575,FALSE,FALSE,"Geostatistical Interpolation & Modeling","Geostatistical Interpolation & Modeling: L3-006: Trend Surface Modeling"
16,"L2-015: Geostatistical Interpolation & Modeling",3,"L3-008: Geostatistical Variogram & Kriging",-0.0332477875505798,0.187750718713193,-0.348339483826894,0.268928527563148,-0.4180485945838,0.333285581663079,FALSE,FALSE,"Geostatistical Interpolation & Modeling","Geostatistical Interpolation & Modeling: L3-008: Geostatistical Variogram & Kriging"
17,"L2-016: Geospatial Modeling & Analysis",1,"L3-015: Digital Terrain Modeling",-0.1378484888936,0.194592618718839,-0.4711499750869,0.16054995468981,-0.554488049713961,0.212982727300937,FALSE,FALSE,"Geospatial Modeling & Analysis","Geospatial Modeling & Analysis: L3-015: Digital Terrain Modeling"
17,"L2-016: Geospatial Modeling & Analysis",2,"L3-016: Landscape & Land Cover Analysis",-0.0312323120766407,0.203579519832353,-0.367383792394288,0.296071133257799,-0.445158763954407,0.369601085589437,FALSE,FALSE,"Geospatial Modeling & Analysis","Geospatial Modeling & Analysis: L3-016: Landscape & Land Cover Analysis"
17,"L2-016: Geospatial Modeling & Analysis",3,"L3-021: Spatial Pattern & Suitability Analysis",0.331826515941112,0.24403091576982,-0.0225109767435465,0.763923350461381,-0.0707164320610902,0.861739861091152,FALSE,FALSE,"Geospatial Modeling & Analysis","Geospatial Modeling & Analysis: L3-021: Spatial Pattern & Suitability Analysis"
17,"L2-016: Geospatial Modeling & Analysis",4,"L3-035: GIS Computational Analysis",-0.127519331421768,0.156127900323567,-0.393905713968235,0.115706856199447,-0.456688697916154,0.157951623591871,FALSE,FALSE,"Geospatial Modeling & Analysis","Geospatial Modeling & Analysis: L3-035: GIS Computational Analysis"
17,"L2-016: Geospatial Modeling & Analysis",5,"L3-036: Geospatial Data Acquisition & Modeling",-0.0352257736707985,0.158751208248468,-0.305902649588736,0.219982641065089,-0.360341393236061,0.272964154504669,FALSE,FALSE,"Geospatial Modeling & Analysis","Geospatial Modeling & Analysis: L3-036: Geospatial Data Acquisition & Modeling"
18,"L2-017: Multi-Criteria Decision & Optimization",1,"L3-058: Uncertainty Reasoning Methods",-0.0880217386563674,0.19946265008882,-0.429197755403226,0.222973723524371,-0.509527237652472,0.283502514630804,FALSE,FALSE,"Multi-Criteria Decision & Optimization","Multi-Criteria Decision & Optimization: L3-058: Uncertainty Reasoning Methods"
18,"L2-017: Multi-Criteria Decision & Optimization",2,"L3-069: Multi-Criteria Decision Methods",-0.0410353708229174,0.18962747951592,-0.359306818565748,0.266243445059548,-0.424574260910215,0.336256412990741,FALSE,FALSE,"Multi-Criteria Decision & Optimization","Multi-Criteria Decision & Optimization: L3-069: Multi-Criteria Decision Methods"
18,"L2-017: Multi-Criteria Decision & Optimization",3,"L3-070: Multi-Criteria Decision Analysis",0.161180078452168,0.218127477977447,-0.165856345582887,0.545015493475818,-0.230481598090935,0.629560398815095,FALSE,FALSE,"Multi-Criteria Decision & Optimization","Multi-Criteria Decision & Optimization: L3-070: Multi-Criteria Decision Analysis"
18,"L2-017: Multi-Criteria Decision & Optimization",4,"L3-108: Metaheuristic Optimization Algorithms",0.0790696611086403,0.212260820463976,-0.252925050383695,0.442520561883904,-0.321370625640691,0.525203199381321,FALSE,FALSE,"Multi-Criteria Decision & Optimization","Multi-Criteria Decision & Optimization: L3-108: Metaheuristic Optimization Algorithms"
18,"L2-017: Multi-Criteria Decision & Optimization",5,"L3-109: Evolutionary Optimization Methods",-0.111211701109145,0.222960859818617,-0.506383109075955,0.224156062657623,-0.591445597505337,0.301626304818334,FALSE,FALSE,"Multi-Criteria Decision & Optimization","Multi-Criteria Decision & Optimization: L3-109: Evolutionary Optimization Methods"
19,"L2-018: Model Parameterization & Calibration",1,"L3-030: Neural Network Architectures",0.0692913040017728,0.200023388070473,-0.25103045330528,0.414769388406468,-0.306201309777001,0.490307585173362,FALSE,FALSE,"Model Parameterization & Calibration","Model Parameterization & Calibration: L3-030: Neural Network Architectures"
19,"L2-018: Model Parameterization & Calibration",2,"L3-081: Missing Data & Calibration Methods",0.0212050434690171,0.211144566895277,-0.327889592901037,0.376636506204505,-0.409063003513898,0.451862835163399,FALSE,FALSE,"Model Parameterization & Calibration","Model Parameterization & Calibration: L3-081: Missing Data & Calibration Methods"
19,"L2-018: Model Parameterization & Calibration",3,"L3-116: Inverse Modeling Techniques",-0.0641961239361217,0.187904462638389,-0.387640178946324,0.234246086695133,-0.452765419983644,0.2910976812038,FALSE,FALSE,"Model Parameterization & Calibration","Model Parameterization & Calibration: L3-116: Inverse Modeling Techniques"
19,"L2-018: Model Parameterization & Calibration",4,"L3-164: Model Parameter Optimization",-0.0262920812019922,0.180817270273064,-0.333473248771654,0.266630418100838,-0.393303718734861,0.327019021081047,FALSE,FALSE,"Model Parameterization & Calibration","Model Parameterization & Calibration: L3-164: Model Parameter Optimization"
20,"L2-019: Entropy and Optimization Methods",1,"L3-162: Probabilistic Inference and Optimization",-0.0828715411951857,0.203909203128103,-0.436273948165725,0.235132540851123,-0.514709111084356,0.304187170503523,FALSE,FALSE,"Entropy and Optimization Methods","Entropy and Optimization Methods: L3-162: Probabilistic Inference and Optimization"
20,"L2-019: Entropy and Optimization Methods",2,"L3-163: Loss Function and Transfer Modeling",0.143616872506117,0.197539249225783,-0.154454582606155,0.48264458796984,-0.211057364663196,0.561833260303507,FALSE,FALSE,"Entropy and Optimization Methods","Entropy and Optimization Methods: L3-163: Loss Function and Transfer Modeling"
20,"L2-019: Entropy and Optimization Methods",3,"L3-165: Entropy and Information Measures",-0.0464467289580338,0.199865291716685,-0.384459055587706,0.28230447173829,-0.449761854538281,0.349599984834428,FALSE,FALSE,"Entropy and Optimization Methods","Entropy and Optimization Methods: L3-165: Entropy and Information Measures"
20,"L2-019: Entropy and Optimization Methods",4,"L3-166: Entropy-Based Weighting Methods",-0.0143077223857094,0.200557222772282,-0.346827935964676,0.316115102363962,-0.41753010226161,0.385497998113852,FALSE,FALSE,"Entropy and Optimization Methods","Entropy and Optimization Methods: L3-166: Entropy-Based Weighting Methods"
21,"L2-020: Core Digital Image Processing",1,"L3-010: Image Segmentation Techniques",0.167002237734157,0.192468995278351,-0.122324566632642,0.512078966814925,-0.176752565609386,0.580735951214452,FALSE,FALSE,"Core Digital Image Processing","Core Digital Image Processing: L3-010: Image Segmentation Techniques"
21,"L2-020: Core Digital Image Processing",2,"L3-042: Texture Analysis and Synthesis",-0.186071882198183,0.229228503580369,-0.589744138157363,0.156606591529787,-0.684026459966191,0.217403211211205,FALSE,FALSE,"Core Digital Image Processing","Core Digital Image Processing: L3-042: Texture Analysis and Synthesis"
21,"L2-020: Core Digital Image Processing",3,"L3-051: Image Enhancement and Augmentation",0.0343795795086929,0.186473191363375,-0.262155754598741,0.346849746464245,-0.331483241107251,0.416867369097989,FALSE,FALSE,"Core Digital Image Processing","Core Digital Image Processing: L3-051: Image Enhancement and Augmentation"
21,"L2-020: Core Digital Image Processing",4,"L3-059: Generative Image Restoration",0.290485661223527,0.213584354777112,-0.024734587641572,0.664740377201394,-0.0731324433710289,0.752211268717069,FALSE,FALSE,"Core Digital Image Processing","Core Digital Image Processing: L3-059: Generative Image Restoration"
21,"L2-020: Core Digital Image Processing",5,"L3-071: Advanced Image Analysis",-0.218356146732788,0.209879124154634,-0.582944612235658,0.0976769373295591,-0.667579083223838,0.147149251630654,FALSE,FALSE,"Core Digital Image Processing","Core Digital Image Processing: L3-071: Advanced Image Analysis"
21,"L2-020: Core Digital Image Processing",6,"L3-072: Advanced Image Analysis Techniques",-0.0874453837002661,0.148848176850563,-0.33689725441938,0.150658613286556,-0.383712919767698,0.198912387248011,FALSE,FALSE,"Core Digital Image Processing","Core Digital Image Processing: L3-072: Advanced Image Analysis Techniques"
22,"L2-021: Remote Sensing & Photogrammetry",1,"L3-024: Advanced Photogrammetric Techniques",-0.0658574819513618,0.153209561654907,-0.323352802164964,0.17841952539986,-0.382478004920558,0.228989053244423,FALSE,FALSE,"Remote Sensing & Photogrammetry","Remote Sensing & Photogrammetry: L3-024: Advanced Photogrammetric Techniques"
22,"L2-021: Remote Sensing & Photogrammetry",2,"L3-033: Satellite Data Processing",-0.0298780219992794,0.158509832552278,-0.296762991104455,0.2291245836182,-0.352311260863152,0.281187175217242,FALSE,FALSE,"Remote Sensing & Photogrammetry","Remote Sensing & Photogrammetry: L3-033: Satellite Data Processing"
22,"L2-021: Remote Sensing & Photogrammetry",3,"L3-034: Spectral Image Processing",0.0957436609689909,0.171796087359878,-0.173488926233053,0.39233523776154,-0.229972824754356,0.456386223374081,FALSE,FALSE,"Remote Sensing & Photogrammetry","Remote Sensing & Photogrammetry: L3-034: Spectral Image Processing"
23,"L2-022: Color & Contrast Enhancement",1,"L3-029: Advanced Color Processing",-0.0781785866294116,0.166969976133281,-0.362429664488469,0.182761780760835,-0.432092132222917,0.232542169638363,FALSE,FALSE,"Color & Contrast Enhancement","Color & Contrast Enhancement: L3-029: Advanced Color Processing"
23,"L2-022: Color & Contrast Enhancement",2,"L3-041: Low Light and Contrast Enhancement",0.0781709906401716,0.166971536430716,-0.182933965831865,0.362010247006185,-0.233401309424032,0.431864129900311,FALSE,FALSE,"Color & Contrast Enhancement","Color & Contrast Enhancement: L3-041: Low Light and Contrast Enhancement"
24,"L2-023: 3D Acquisition and Reconstruction",1,"L3-019: Laser Scanning and Lidar",-0.014134779165113,0.190558986539371,-0.329785884033523,0.301048669857545,-0.39707633327212,0.367764473096553,FALSE,FALSE,"3D Acquisition and Reconstruction","3D Acquisition and Reconstruction: L3-019: Laser Scanning and Lidar"
24,"L2-023: 3D Acquisition and Reconstruction",2,"L3-020: Point Cloud Analysis and Registration",0.127244866440563,0.18198266396252,-0.153025360782695,0.441691415104762,-0.216739852592034,0.508035933707071,FALSE,FALSE,"3D Acquisition and Reconstruction","3D Acquisition and Reconstruction: L3-020: Point Cloud Analysis and Registration"
24,"L2-023: 3D Acquisition and Reconstruction",3,"L3-022: 3D Data Acquisition and Analysis",0.0332796117591268,0.151475960841411,-0.214056540222045,0.288531911398551,-0.262991670537685,0.33835055486813,FALSE,FALSE,"3D Acquisition and Reconstruction","3D Acquisition and Reconstruction: L3-022: 3D Data Acquisition and Analysis"
24,"L2-023: 3D Acquisition and Reconstruction",4,"L3-039: Geometric Reconstruction Techniques",-0.185871413270573,0.197290248723052,-0.532171281065612,0.113155038466948,-0.618303845624551,0.167887554186513,FALSE,FALSE,"3D Acquisition and Reconstruction","3D Acquisition and Reconstruction: L3-039: Geometric Reconstruction Techniques"
24,"L2-023: 3D Acquisition and Reconstruction",5,"L3-040: Dense Multi-View 3D Reconstruction",0.0394931912319858,0.200590864375568,-0.283708743401586,0.376219387545748,-0.355084429843121,0.454704498364109,FALSE,FALSE,"3D Acquisition and Reconstruction","3D Acquisition and Reconstruction: L3-040: Dense Multi-View 3D Reconstruction"
25,"L2-024: 3D Geometric Modeling & Meshing",1,"L3-007: Polygonal Mesh Operations",-0.156519946938932,0.18559635727572,-0.4837927145034,0.121533533306515,-0.55475094480446,0.182649176051034,FALSE,FALSE,"3D Geometric Modeling & Meshing","3D Geometric Modeling & Meshing: L3-007: Polygonal Mesh Operations"
25,"L2-024: 3D Geometric Modeling & Meshing",2,"L3-025: Voronoi and Delaunay Methods",0.024692004768332,0.192683981865987,-0.287685990062772,0.348961949776917,-0.351947219424737,0.420740020619413,FALSE,FALSE,"3D Geometric Modeling & Meshing","3D Geometric Modeling & Meshing: L3-025: Voronoi and Delaunay Methods"
25,"L2-024: 3D Geometric Modeling & Meshing",3,"L3-026: Computational Geometric Design",0.131807143039567,0.180659291882473,-0.144681539013389,0.440231422174038,-0.204171833908272,0.512482120557848,FALSE,FALSE,"3D Geometric Modeling & Meshing","3D Geometric Modeling & Meshing: L3-026: Computational Geometric Design"
26,"L2-025: 3D Visualization & Simulation",1,"L3-012: Virtual Reality & Simulation",0.0422990457462764,0.172253534971699,-0.235964113612337,0.334069506369627,-0.29176669117736,0.402066902911844,FALSE,FALSE,"3D Visualization & Simulation","3D Visualization & Simulation: L3-012: Virtual Reality & Simulation"
26,"L2-025: 3D Visualization & Simulation",2,"L3-031: Real-Time 3D Rendering Techniques",-0.130847740016402,0.194767782300182,-0.464978547414992,0.164351634154932,-0.54850880646284,0.230232642042365,FALSE,FALSE,"3D Visualization & Simulation","3D Visualization & Simulation: L3-031: Real-Time 3D Rendering Techniques"
26,"L2-025: 3D Visualization & Simulation",3,"L3-032: Volumetric & Voxel Modeling",0.0885484480654475,0.183298373622354,-0.19976841575214,0.407224999468666,-0.252905975389012,0.472547100466306,FALSE,FALSE,"3D Visualization & Simulation","3D Visualization & Simulation: L3-032: Volumetric & Voxel Modeling"
27,"L2-026: 3D Shape Analysis Methods",1,"L3-009: Elliptic Fourier Analysis",0.0516063479361838,0.200950169050994,-0.277207302636573,0.383152239728237,-0.347098591009661,0.457758813536809,FALSE,FALSE,"3D Shape Analysis Methods","3D Shape Analysis Methods: L3-009: Elliptic Fourier Analysis"
27,"L2-026: 3D Shape Analysis Methods",2,"L3-023: Morphological Shape Analysis",0.14865522435408,0.212768312164756,-0.171162340498011,0.523505582510493,-0.239082095149951,0.605085380304752,FALSE,FALSE,"3D Shape Analysis Methods","3D Shape Analysis Methods: L3-023: Morphological Shape Analysis"
27,"L2-026: 3D Shape Analysis Methods",3,"L3-027: Procrustes Analysis Methods",-0.0449874101222136,0.214549756414638,-0.413550375866712,0.291477550944429,-0.495474754414682,0.362262071414995,FALSE,FALSE,"3D Shape Analysis Methods","3D Shape Analysis Methods: L3-027: Procrustes Analysis Methods"
27,"L2-026: 3D Shape Analysis Methods",4,"L3-028: Morphometric Shape Analysis",-0.0952916751589623,0.17853314708112,-0.398432020426105,0.192159966523576,-0.454564254917439,0.251304350223033,FALSE,FALSE,"3D Shape Analysis Methods","3D Shape Analysis Methods: L3-028: Morphometric Shape Analysis"
27,"L2-026: 3D Shape Analysis Methods",5,"L3-037: Non-Rigid Shape Analysis",-0.059603052282179,0.221379076944858,-0.443729109550134,0.290566052658986,-0.525458525062499,0.362589188515704,FALSE,FALSE,"3D Shape Analysis Methods","3D Shape Analysis Methods: L3-037: Non-Rigid Shape Analysis"
27,"L2-026: 3D Shape Analysis Methods",6,"L3-038: 3D Shape Representation and Analysis",-0.000390801418235611,0.190080245652372,-0.311163365177387,0.316249022785023,-0.381220999098048,0.382190814847404,FALSE,FALSE,"3D Shape Analysis Methods","3D Shape Analysis Methods: L3-038: 3D Shape Representation and Analysis"
28,"L2-027: Multimodal Feature Learning",1,"L3-055: Multimodal Feature Engineering",0.137043666909484,0.191334917762224,-0.154663952021291,0.465954640398442,-0.20760766225232,0.541004547911974,FALSE,FALSE,"Multimodal Feature Learning","Multimodal Feature Learning: L3-055: Multimodal Feature Engineering"
28,"L2-027: Multimodal Feature Learning",2,"L3-060: Pattern Matching Algorithms",-0.116846059605897,0.194803275718603,-0.456792973870699,0.180013656839779,-0.541241518810423,0.23879403342633,FALSE,FALSE,"Multimodal Feature Learning","Multimodal Feature Learning: L3-060: Pattern Matching Algorithms"
28,"L2-027: Multimodal Feature Learning",3,"L3-063: Multimodal Data Fusion",-0.250937072354433,0.223841381875881,-0.64016463637169,0.0787964378104237,-0.734042847652706,0.135569913990764,FALSE,FALSE,"Multimodal Feature Learning","Multimodal Feature Learning: L3-063: Multimodal Data Fusion"
28,"L2-027: Multimodal Feature Learning",4,"L3-064: Multimodal Fusion and Alignment",0.230740594208335,0.228188974185179,-0.095530508493545,0.64832265742919,-0.155283280868793,0.731694893442714,FALSE,FALSE,"Multimodal Feature Learning","Multimodal Feature Learning: L3-064: Multimodal Fusion and Alignment"
29,"L2-028: Neural Network Architectures",1,"L3-066: Attention Mechanism Architectures",0.267540980827729,0.2014258066262,-0.0299686399955913,0.621306419277461,-0.0716721708454875,0.709790123521205,FALSE,FALSE,"Neural Network Architectures","Neural Network Architectures: L3-066: Attention Mechanism Architectures"
29,"L2-028: Neural Network Architectures",2,"L3-106: Graph Convolutional Neural Networks",-0.0463401927423671,0.14482748351647,-0.292790251277876,0.185237772669736,-0.343125833311297,0.231037881135722,FALSE,FALSE,"Neural Network Architectures","Neural Network Architectures: L3-106: Graph Convolutional Neural Networks"
29,"L2-028: Neural Network Architectures",3,"L3-107: Deep Learning Architectural Patterns",-0.221215119658979,0.167097719714147,-0.508897924249701,0.0332565379293787,-0.573125518250664,0.0766612265789578,FALSE,FALSE,"Neural Network Architectures","Neural Network Architectures: L3-107: Deep Learning Architectural Patterns"
30,"L2-029: Generative and Transfer Learning",1,"L3-086: Synthetic Data Generation",0.109285483534824,0.17351637046333,-0.164535027448235,0.4048913427718,-0.220933712727635,0.471477040733978,FALSE,FALSE,"Generative and Transfer Learning","Generative and Transfer Learning: L3-086: Synthetic Data Generation"
30,"L2-029: Generative and Transfer Learning",2,"L3-096: Advanced Transfer Learning Paradigms",-0.211410550333893,0.184822413411511,-0.531313126705677,0.064599330743718,-0.596041177841091,0.114445838027958,FALSE,FALSE,"Generative and Transfer Learning","Generative and Transfer Learning: L3-096: Advanced Transfer Learning Paradigms"
30,"L2-029: Generative and Transfer Learning",3,"L3-099: Generative and Adversarial Architectures",0.102124580464173,0.175448783062072,-0.16790057531771,0.405065524266055,-0.221797953112556,0.475491418700813,FALSE,FALSE,"Generative and Transfer Learning","Generative and Transfer Learning: L3-099: Generative and Adversarial Architectures"
31,"L2-030: Bioinformatics & Phylogenetic Analysis",1,"L3-111: Phylogenetic Inference & Reconstruction",0.0426236093186922,0.195857027428408,-0.276308791079293,0.372954813523271,-0.336182087191565,0.446738954078296,FALSE,FALSE,"Bioinformatics & Phylogenetic Analysis","Bioinformatics & Phylogenetic Analysis: L3-111: Phylogenetic Inference & Reconstruction"
31,"L2-030: Bioinformatics & Phylogenetic Analysis",2,"L3-114: Sequence Alignment Methods",-0.0288584687037231,0.210509656876812,-0.384548145694099,0.317224676605566,-0.464251018110694,0.385669741316086,FALSE,FALSE,"Bioinformatics & Phylogenetic Analysis","Bioinformatics & Phylogenetic Analysis: L3-114: Sequence Alignment Methods"
31,"L2-030: Bioinformatics & Phylogenetic Analysis",3,"L3-121: Mass Spectrometry Data Analysis",0.029016461464038,0.214955282076287,-0.319388748277769,0.382950770434607,-0.403757490373709,0.474139539203708,FALSE,FALSE,"Bioinformatics & Phylogenetic Analysis","Bioinformatics & Phylogenetic Analysis: L3-121: Mass Spectrometry Data Analysis"
31,"L2-030: Bioinformatics & Phylogenetic Analysis",4,"L3-132: Evolutionary Distance Metrics",-0.112664677151633,0.214403311033533,-0.49093270859732,0.222775096839627,-0.566956945158784,0.284453910510622,FALSE,FALSE,"Bioinformatics & Phylogenetic Analysis","Bioinformatics & Phylogenetic Analysis: L3-132: Evolutionary Distance Metrics"
31,"L2-030: Bioinformatics & Phylogenetic Analysis",5,"L3-133: Next-Generation Sequencing Analysis",0.0698845266261799,0.203187000575686,-0.251467184069195,0.41595529466674,-0.310740927383532,0.487663947012621,FALSE,FALSE,"Bioinformatics & Phylogenetic Analysis","Bioinformatics & Phylogenetic Analysis: L3-133: Next-Generation Sequencing Analysis"
32,"L2-031: Bayesian & Population Modeling",1,"L3-018: Bayesian Chronological Modeling",-0.0691453975475317,0.164729716946393,-0.349850375351595,0.187541898775634,-0.411565295576317,0.241189382543532,FALSE,FALSE,"Bayesian & Population Modeling","Bayesian & Population Modeling: L3-018: Bayesian Chronological Modeling"
32,"L2-031: Bayesian & Population Modeling",2,"L3-112: Population Genetics & Modeling",0.0691361127044325,0.16473842654051,-0.187899573870059,0.350229699722582,-0.241482409243931,0.411005335262343,FALSE,FALSE,"Bayesian & Population Modeling","Bayesian & Population Modeling: L3-112: Population Genetics & Modeling"
33,"L2-032: Ecological and Agricultural Modeling",1,"L3-013: Species Distribution Modeling",0.142780024027121,0.1802149286501,-0.123575929735483,0.458165173368618,-0.176166177245826,0.540977143823113,FALSE,FALSE,"Ecological and Agricultural Modeling","Ecological and Agricultural Modeling: L3-013: Species Distribution Modeling"
33,"L2-032: Ecological and Agricultural Modeling",2,"L3-014: Crop and Ecosystem Simulation",-0.142784409858193,0.180209719940684,-0.458322235903071,0.123395356768033,-0.541001559456456,0.176262975779695,FALSE,FALSE,"Ecological and Agricultural Modeling","Ecological and Agricultural Modeling: L3-014: Crop and Ecosystem Simulation"
34,"L2-033: Advanced Multivariate Analysis Techniques",1,"L3-091: Non-linear Dimensionality Reduction",0.0957716579421236,0.156327011121712,-0.160913692975911,0.35285971043135,-0.206884851823155,0.40703723550345,FALSE,FALSE,"Advanced Multivariate Analysis Techniques","Advanced Multivariate Analysis Techniques: L3-091: Non-linear Dimensionality Reduction"
34,"L2-033: Advanced Multivariate Analysis Techniques",2,"L3-098: Multiscale and Fractal Analysis",0.215991746414811,0.232823036026903,-0.125282457043262,0.630286389133947,-0.194958265875363,0.729513519752484,FALSE,FALSE,"Advanced Multivariate Analysis Techniques","Advanced Multivariate Analysis Techniques: L3-098: Multiscale and Fractal Analysis"
34,"L2-033: Advanced Multivariate Analysis Techniques",3,"L3-118: Chemometric Spectroscopy Methods",-0.00558755516164138,0.203872772722369,-0.348748994090328,0.328441994786485,-0.419167271332076,0.401274961125012,FALSE,FALSE,"Advanced Multivariate Analysis Techniques","Advanced Multivariate Analysis Techniques: L3-118: Chemometric Spectroscopy Methods"
34,"L2-033: Advanced Multivariate Analysis Techniques",4,"L3-119: Latent Variable Regression Methods",0.0278122960371268,0.211044564302477,-0.313622656828874,0.380538730543692,-0.382209748649614,0.459963148286473,FALSE,FALSE,"Advanced Multivariate Analysis Techniques","Advanced Multivariate Analysis Techniques: L3-119: Latent Variable Regression Methods"
34,"L2-033: Advanced Multivariate Analysis Techniques",5,"L3-149: Principal Component Analysis",-0.189343346746691,0.160208611072061,-0.463533759076687,0.0547519374940152,-0.521976696923067,0.103762481268787,FALSE,FALSE,"Advanced Multivariate Analysis Techniques","Advanced Multivariate Analysis Techniques: L3-149: Principal Component Analysis"
34,"L2-033: Advanced Multivariate Analysis Techniques",6,"L3-152: Multivariate Analysis Variants",-0.191405210752469,0.18124365478456,-0.499998521123071,0.0851911422609738,-0.57671593219267,0.135172274260657,FALSE,FALSE,"Advanced Multivariate Analysis Techniques","Advanced Multivariate Analysis Techniques: L3-152: Multivariate Analysis Variants"
34,"L2-033: Advanced Multivariate Analysis Techniques",7,"L3-157: Latent Variable Modeling",-0.129118347113529,0.190444910310945,-0.458314652997446,0.163435073053613,-0.534796337791623,0.218210284754994,FALSE,FALSE,"Advanced Multivariate Analysis Techniques","Advanced Multivariate Analysis Techniques: L3-157: Latent Variable Modeling"
34,"L2-033: Advanced Multivariate Analysis Techniques",8,"L3-158: Multivariate Relationship Modeling",0.175873286965398,0.230021238595505,-0.165993471807433,0.585025113013126,-0.219976077111806,0.68443628385867,FALSE,FALSE,"Advanced Multivariate Analysis Techniques","Advanced Multivariate Analysis Techniques: L3-158: Multivariate Relationship Modeling"
35,"L2-034: Nonlinear Least Squares Methods",1,"L3-143: Nonlinear Structural Analysis",-0.0266564902680365,0.183043535719279,-0.337894399394978,0.269925104641096,-0.396843015855921,0.337867577406311,FALSE,FALSE,"Nonlinear Least Squares Methods","Nonlinear Least Squares Methods: L3-143: Nonlinear Structural Analysis"
35,"L2-034: Nonlinear Least Squares Methods",2,"L3-144: Matrix Decomposition and Optimization",0.0545099640370391,0.190028711049751,-0.242339549520244,0.372701427168082,-0.311886343057187,0.449498925792521,FALSE,FALSE,"Nonlinear Least Squares Methods","Nonlinear Least Squares Methods: L3-144: Matrix Decomposition and Optimization"
35,"L2-034: Nonlinear Least Squares Methods",3,"L3-145: Least Squares Variants",-0.0278472170315402,0.186821339088283,-0.339126368455052,0.274659037627231,-0.410575625169082,0.335021074032711,FALSE,FALSE,"Nonlinear Least Squares Methods","Nonlinear Least Squares Methods: L3-145: Least Squares Variants"
36,"L2-035: Regression and Modeling Techniques",1,"L3-110: Support Vector Regression Methods",-0.0721582783380183,0.196629895775246,-0.412479470601983,0.244208068711264,-0.481892613190588,0.306228405072728,FALSE,FALSE,"Regression and Modeling Techniques","Regression and Modeling Techniques: L3-110: Support Vector Regression Methods"
36,"L2-035: Regression and Modeling Techniques",2,"L3-140: Advanced Multivariate Regression",0.125144958887679,0.182558787521424,-0.15804247074467,0.439514211883458,-0.211700783047718,0.502249211822241,FALSE,FALSE,"Regression and Modeling Techniques","Regression and Modeling Techniques: L3-140: Advanced Multivariate Regression"
36,"L2-035: Regression and Modeling Techniques",3,"L3-148: Variable Selection and Partitioning",-0.00694733209129032,0.222481867664633,-0.381720499908122,0.35306632694434,-0.466975090667238,0.429001390480272,FALSE,FALSE,"Regression and Modeling Techniques","Regression and Modeling Techniques: L3-148: Variable Selection and Partitioning"
36,"L2-035: Regression and Modeling Techniques",4,"L3-150: Advanced Regression and Modeling",0.122775420826125,0.216917272663059,-0.216405748601974,0.497232119632522,-0.292717994860218,0.582036779340939,FALSE,FALSE,"Regression and Modeling Techniques","Regression and Modeling Techniques: L3-150: Advanced Regression and Modeling"
36,"L2-035: Regression and Modeling Techniques",5,"L3-153: Linear Regression Variants",-0.126552587070393,0.163125782967482,-0.404527895336335,0.12769350380565,-0.465974100234217,0.174865516993155,FALSE,FALSE,"Regression and Modeling Techniques","Regression and Modeling Techniques: L3-153: Linear Regression Variants"
36,"L2-035: Regression and Modeling Techniques",6,"L3-154: Regression Models",-0.0422941851571748,0.207822346871763,-0.393151080118875,0.292758570464517,-0.477472958663408,0.357377248959108,FALSE,FALSE,"Regression and Modeling Techniques","Regression and Modeling Techniques: L3-154: Regression Models"
37,"L2-036: Multivariate Ordination & Discriminant Analysis",1,"L3-141: Constrained Multivariate Ordination",0.0505025874040586,0.13422424391275,-0.167140144561358,0.277757048714924,-0.211314972910411,0.322128377300535,FALSE,FALSE,"Multivariate Ordination & Discriminant Analysis","Multivariate Ordination & Discriminant Analysis: L3-141: Constrained Multivariate Ordination"
37,"L2-036: Multivariate Ordination & Discriminant Analysis",2,"L3-142: Discriminant Analysis Techniques",-0.0504967292874076,0.134226790509278,-0.277942201564777,0.167271007337043,-0.322126134236764,0.210872116428698,FALSE,FALSE,"Multivariate Ordination & Discriminant Analysis","Multivariate Ordination & Discriminant Analysis: L3-142: Discriminant Analysis Techniques"
38,"L2-037: Bayesian and Stochastic Methods",1,"L3-075: Probabilistic Distribution Analysis",0.020705789859802,0.208635285747023,-0.320373789519057,0.372561911531567,-0.396040631994823,0.441384496040816,FALSE,FALSE,"Bayesian and Stochastic Methods","Bayesian and Stochastic Methods: L3-075: Probabilistic Distribution Analysis"
38,"L2-037: Bayesian and Stochastic Methods",2,"L3-090: Random Effect Modeling",-0.0806696389058611,0.22551339446352,-0.470100247551769,0.273239826815168,-0.562569554749446,0.344815653198458,FALSE,FALSE,"Bayesian and Stochastic Methods","Bayesian and Stochastic Methods: L3-090: Random Effect Modeling"
38,"L2-037: Bayesian and Stochastic Methods",3,"L3-117: Stochastic State Space Modeling",0.0594500394028865,0.218641935755116,-0.291834576846858,0.426284689576139,-0.367557761194707,0.523463216562279,FALSE,FALSE,"Bayesian and Stochastic Methods","Bayesian and Stochastic Methods: L3-117: Stochastic State Space Modeling"
38,"L2-037: Bayesian and Stochastic Methods",4,"L3-130: Markov Chain Models",0.0972345190067776,0.213913102305885,-0.235610235329999,0.464284870630437,-0.305974721629373,0.546605888518082,FALSE,FALSE,"Bayesian and Stochastic Methods","Bayesian and Stochastic Methods: L3-130: Markov Chain Models"
38,"L2-037: Bayesian and Stochastic Methods",5,"L3-131: Monte Carlo and Stochastic Methods",-0.0932988815725964,0.19594319750936,-0.433749471976539,0.212379546716382,-0.496852175117001,0.275644798543045,FALSE,FALSE,"Bayesian and Stochastic Methods","Bayesian and Stochastic Methods: L3-131: Monte Carlo and Stochastic Methods"
38,"L2-037: Bayesian and Stochastic Methods",6,"L3-138: Bayesian Computational Techniques",-0.00339387390358452,0.167707174360045,-0.28358246298802,0.271757109965307,-0.345493450706358,0.329986135242828,FALSE,FALSE,"Bayesian and Stochastic Methods","Bayesian and Stochastic Methods: L3-138: Bayesian Computational Techniques"
39,"L2-038: Ensemble and Tree-Based Methods",1,"L3-044: Bootstrap and Jackknife Methods",-0.218694323668203,0.202570337869201,-0.57141009274264,0.0806799510366669,-0.659120295346601,0.133165235531829,FALSE,FALSE,"Ensemble and Tree-Based Methods","Ensemble and Tree-Based Methods: L3-044: Bootstrap and Jackknife Methods"
39,"L2-038: Ensemble and Tree-Based Methods",2,"L3-046: Tree-Based Ensemble Learning",0.1047534882757,0.173085668801393,-0.162401396971378,0.405068238990045,-0.217095023550373,0.476034589621731,FALSE,FALSE,"Ensemble and Tree-Based Methods","Ensemble and Tree-Based Methods: L3-046: Tree-Based Ensemble Learning"
39,"L2-038: Ensemble and Tree-Based Methods",3,"L3-047: Gradient Boosting Algorithms",0.113948664420414,0.183684387564666,-0.172102768398055,0.429491053951827,-0.229332724125141,0.510774027509634,FALSE,FALSE,"Ensemble and Tree-Based Methods","Ensemble and Tree-Based Methods: L3-047: Gradient Boosting Algorithms"
40,"L2-039: Gaussian and Mixture Modeling",1,"L3-123: Gaussian Process and Mixture Methods",0.0344109530548406,0.158620540509179,-0.222105735088696,0.305157971824319,-0.270925155512469,0.360640388006471,FALSE,FALSE,"Gaussian and Mixture Modeling","Gaussian and Mixture Modeling: L3-123: Gaussian Process and Mixture Methods"
40,"L2-039: Gaussian and Mixture Modeling",2,"L3-137: Advanced Mixture and Mixed Models",-0.034413356261646,0.158610971794836,-0.30513388339748,0.222239877740994,-0.361480715542179,0.270661150023466,FALSE,FALSE,"Gaussian and Mixture Modeling","Gaussian and Mixture Modeling: L3-137: Advanced Mixture and Mixed Models"
41,"L2-040: Digital Visualization & Modeling",1,"L3-000: Digital Heritage & Modeling",-0.0657135197228861,0.191699173141111,-0.387859520490286,0.245482182408935,-0.450615170005931,0.315557863481259,FALSE,FALSE,"Digital Visualization & Modeling","Digital Visualization & Modeling: L3-000: Digital Heritage & Modeling"
41,"L2-040: Digital Visualization & Modeling",2,"L3-067: Visual Perception & Saliency",0.311210573313749,0.229134036721896,-0.0234011900172151,0.718721170478558,-0.0697205054555293,0.806587348215719,FALSE,FALSE,"Digital Visualization & Modeling","Digital Visualization & Modeling: L3-067: Visual Perception & Saliency"
41,"L2-040: Digital Visualization & Modeling",3,"L3-078: Interactive Visual Computing",-0.0498384273275524,0.177190972504992,-0.348745423393177,0.238220459747382,-0.412893258346285,0.293285795975899,FALSE,FALSE,"Digital Visualization & Modeling","Digital Visualization & Modeling: L3-078: Interactive Visual Computing"
41,"L2-040: Digital Visualization & Modeling",4,"L3-084: Scientific Visualization Techniques",-0.0749696371198837,0.217391988344148,-0.447361079709385,0.268501462877305,-0.519679180248152,0.333033548454455,FALSE,FALSE,"Digital Visualization & Modeling","Digital Visualization & Modeling: L3-084: Scientific Visualization Techniques"
41,"L2-040: Digital Visualization & Modeling",5,"L3-085: Interactive Visualization Techniques",-0.120724037344469,0.222009744870968,-0.50973943982626,0.222041861449636,-0.59313609936648,0.292987631715357,FALSE,FALSE,"Digital Visualization & Modeling","Digital Visualization & Modeling: L3-085: Interactive Visualization Techniques"
42,"L2-041: Graph and Network Metrics",1,"L3-052: Topological and Circuit Analysis",-0.0385534437932743,0.19512643357904,-0.363919369255121,0.276429583378985,-0.439740509556145,0.351770668162645,FALSE,FALSE,"Graph and Network Metrics","Graph and Network Metrics: L3-052: Topological and Circuit Analysis"
42,"L2-041: Graph and Network Metrics",2,"L3-061: Recurrence and Visibility Analysis",-0.124165850419954,0.218986785664732,-0.499092603357147,0.207149702711736,-0.587528464475068,0.279763663290026,FALSE,FALSE,"Graph and Network Metrics","Graph and Network Metrics: L3-061: Recurrence and Visibility Analysis"
42,"L2-041: Graph and Network Metrics",3,"L3-074: Network Structure Analysis",0.0995288074742603,0.181179428122746,-0.189582514428652,0.409805516203813,-0.241442824023802,0.475796305199264,FALSE,FALSE,"Graph and Network Metrics","Graph and Network Metrics: L3-074: Network Structure Analysis"
42,"L2-041: Graph and Network Metrics",4,"L3-170: Network Centrality and Modularity",0.0632025228127041,0.197294294941063,-0.243858607337182,0.402353344436908,-0.314752226757814,0.481169412079633,FALSE,FALSE,"Graph and Network Metrics","Graph and Network Metrics: L3-170: Network Centrality and Modularity"
43,"L2-042: Automated Graph Analysis",1,"L3-045: Graph Anomaly Detection",0.0513518193825445,0.188774450898468,-0.250391397306019,0.371881650230547,-0.314145029152208,0.443757735351803,FALSE,FALSE,"Automated Graph Analysis","Automated Graph Analysis: L3-045: Graph Anomaly Detection"
43,"L2-042: Automated Graph Analysis",2,"L3-053: Automated Graph Processing",-0.0829378164309143,0.18647952804803,-0.405426617843183,0.213434734525561,-0.477965609658917,0.274245021551415,FALSE,FALSE,"Automated Graph Analysis","Automated Graph Analysis: L3-053: Automated Graph Processing"
43,"L2-042: Automated Graph Analysis",3,"L3-054: Automated Feature Detection",0.0315965721664646,0.178852522374396,-0.253403770163143,0.3330289361822,-0.319877951171714,0.401580834302869,FALSE,FALSE,"Automated Graph Analysis","Automated Graph Analysis: L3-054: Automated Feature Detection"
44,"L2-043: Knowledge Graph & Bibliometrics",1,"L3-043: Knowledge Graph Construction & Analysis",-0.0683807370672099,0.164070536937643,-0.349909729089147,0.1889348572014,-0.415682191780072,0.244003069540259,FALSE,FALSE,"Knowledge Graph & Bibliometrics","Knowledge Graph & Bibliometrics: L3-043: Knowledge Graph Construction & Analysis"
44,"L2-043: Knowledge Graph & Bibliometrics",2,"L3-077: Advanced Bibliometric & Scientometric Methods",0.0683787166987027,0.164073559345489,-0.189194280302893,0.349597859362107,-0.244247418395809,0.416154950999305,FALSE,FALSE,"Knowledge Graph & Bibliometrics","Knowledge Graph & Bibliometrics: L3-077: Advanced Bibliometric & Scientometric Methods"
45,"L2-044: Text Analysis & Mining",1,"L3-076: Topic Modeling & Classification",-0.0536569913042174,0.217645815424596,-0.424520732087629,0.292673789799945,-0.508026048550954,0.370589722395328,FALSE,FALSE,"Text Analysis & Mining","Text Analysis & Mining: L3-076: Topic Modeling & Classification"
45,"L2-044: Text Analysis & Mining",2,"L3-095: Multimodal Recognition & Analysis",0.0431804727265739,0.21628098838201,-0.303399159960346,0.409609622866123,-0.380250725494862,0.486837434243722,FALSE,FALSE,"Text Analysis & Mining","Text Analysis & Mining: L3-095: Multimodal Recognition & Analysis"
45,"L2-044: Text Analysis & Mining",3,"L3-100: Search Engine & Retrieval",-0.118061724886354,0.214363221095637,-0.493791107843443,0.210720655929604,-0.575743770117508,0.286707738930979,FALSE,FALSE,"Text Analysis & Mining","Text Analysis & Mining: L3-100: Search Engine & Retrieval"
45,"L2-044: Text Analysis & Mining",4,"L3-102: Lexical and Corpus Analysis",0.108288619506186,0.193491543409227,-0.190873057611426,0.443899047756316,-0.248643284763251,0.513667468603868,FALSE,FALSE,"Text Analysis & Mining","Text Analysis & Mining: L3-102: Lexical and Corpus Analysis"
45,"L2-044: Text Analysis & Mining",5,"L3-103: Core Text Processing Techniques",-0.0446794879628389,0.193733544790174,-0.369629708624028,0.268930735582833,-0.432580261591142,0.338769373188284,FALSE,FALSE,"Text Analysis & Mining","Text Analysis & Mining: L3-103: Core Text Processing Techniques"
45,"L2-044: Text Analysis & Mining",6,"L3-120: Information Extraction",-0.0240317197893054,0.210582532797904,-0.378986038601321,0.315646305095121,-0.458763418010267,0.391150767088151,FALSE,FALSE,"Text Analysis & Mining","Text Analysis & Mining: L3-120: Information Extraction"
45,"L2-044: Text Analysis & Mining",7,"L3-126: Semantic Knowledge Engineering",-0.0471658177854636,0.210628557838983,-0.402133235301911,0.296095058995222,-0.47434427247827,0.366986202470491,FALSE,FALSE,"Text Analysis & Mining","Text Analysis & Mining: L3-126: Semantic Knowledge Engineering"
45,"L2-044: Text Analysis & Mining",8,"L3-127: Semantic Text Understanding",0.136136538726511,0.226557395535504,-0.211877002868934,0.531869374815281,-0.270786396020487,0.619548625912675,FALSE,FALSE,"Text Analysis & Mining","Text Analysis & Mining: L3-127: Semantic Text Understanding"
46,"L2-045: Modern NLP Techniques",1,"L3-093: Transformer-Based Language Models",0.115562372815281,0.172829881288078,-0.148380090363548,0.416881428923696,-0.203227252622177,0.48363374551761,FALSE,FALSE,"Modern NLP Techniques","Modern NLP Techniques: L3-093: Transformer-Based Language Models"
46,"L2-045: Modern NLP Techniques",2,"L3-094: Word Embedding Models",-0.115561859807187,0.172825676248041,-0.418097093936391,0.148863901101,-0.483479958534871,0.203299108790025,FALSE,FALSE,"Modern NLP Techniques","Modern NLP Techniques: L3-094: Word Embedding Models"
47,"L2-046: Statistical Analysis & Modeling",1,"L3-073: Correlation Analysis Methods",0.00496628983954632,0.125256453408039,-0.199614595284371,0.209482840144353,-0.242010038705559,0.251470248549562,FALSE,FALSE,"Statistical Analysis & Modeling","Statistical Analysis & Modeling: L3-073: Correlation Analysis Methods"
47,"L2-046: Statistical Analysis & Modeling",2,"L3-113: Foundational Statistical Methods",-0.00497632602625944,0.125256715139066,-0.209472215261445,0.199626861437869,-0.251490447902887,0.241548060357556,FALSE,FALSE,"Statistical Analysis & Modeling","Statistical Analysis & Modeling: L3-113: Foundational Statistical Methods"
48,"L2-047: Hypothesis Testing & Analysis",1,"L3-124: Permutation and Seriation Methods",-0.0237981007716643,0.152021435459932,-0.279078210982764,0.225204068753252,-0.338882167845388,0.27280891679472,FALSE,FALSE,"Hypothesis Testing & Analysis","Hypothesis Testing & Analysis: L3-124: Permutation and Seriation Methods"
48,"L2-047: Hypothesis Testing & Analysis",2,"L3-125: Parametric and Non-Parametric Tests",0.0237888410654439,0.152018898216287,-0.225203414810753,0.278883877156924,-0.272244465050688,0.338772807843742,FALSE,FALSE,"Hypothesis Testing & Analysis","Hypothesis Testing & Analysis: L3-125: Parametric and Non-Parametric Tests"
