word,2010,2011,2012,2013,2014,2015,2016,2017,2018,2019,2020,2021,2022,2023,2024,2025
delve,0,3,3,1,4,4,6,4,9,7,15,17,24,70,157,78
intricate,2,2,3,5,4,3,6,9,13,10,16,21,6,38,94,89
showcase,4,9,3,4,6,11,5,10,17,26,24,21,14,45,97,70
underscore,8,7,8,11,11,15,11,10,13,25,12,26,25,64,183,410
pivotal,3,1,6,8,6,3,12,13,20,30,19,19,29,54,131,147
realm,10,12,15,21,40,24,20,21,22,27,34,45,39,55,69,98
tapestry,4,1,3,8,6,0,1,5,4,6,6,7,2,6,18,11
meticulous,3,0,1,3,4,6,4,5,4,5,4,5,12,16,45,35
boast,2,0,2,6,2,1,1,5,5,6,4,5,9,16,20,15
leverage,2,1,0,1,3,6,6,1,3,7,4,15,19,16,53,107
nuanced,5,6,11,15,13,14,18,19,21,33,33,33,34,32,78,104
multifaceted,5,3,6,2,9,5,7,7,17,20,17,21,24,29,54,69
encompass,4,16,14,21,17,21,20,32,34,44,41,56,40,70,120,154
comprehensive,27,38,41,61,65,68,86,76,95,154,202,264,271,382,552,752
notably,22,29,23,38,27,36,39,26,41,51,39,78,74,84,173,218
crucial,36,35,40,50,64,62,82,64,97,161,137,167,152,201,373,484
garner,2,2,0,3,1,3,1,3,2,4,1,4,4,6,12,11
foster,9,6,9,12,12,18,16,11,29,39,23,39,45,67,127,297
seamless,0,2,0,0,0,1,1,1,1,2,3,4,1,2,5,9
robust,36,27,24,40,48,53,58,50,70,84,66,72,72,88,98,154
paradigm,22,12,19,28,23,34,47,46,32,59,75,68,68,76,100,132
holistic,2,4,4,10,14,11,25,17,16,40,39,43,52,54,63,87
elucidate,13,20,19,18,24,36,43,49,48,45,59,97,82,90,145,158
endeavor,4,4,2,9,5,11,6,11,8,9,16,12,17,35,61,54
intricacies,0,0,0,2,0,1,0,0,1,0,1,2,4,9,15,7
