"level_2_mid","year","median","lo90","hi90","lo50","hi50"
"L2-000: Spectral Decomposition and Transform Methods",2010,3.2235624,2.881563875,3.54221262,3.099990025,3.3477358
"L2-000: Spectral Decomposition and Transform Methods",2011,3.23124855,2.918653285,3.536734355,3.115485125,3.35079885
"L2-000: Spectral Decomposition and Transform Methods",2012,3.25544565,2.96257346,3.54266768,3.1447733,3.368355575
"L2-000: Spectral Decomposition and Transform Methods",2013,3.26950145,3.009296445,3.540374365,3.168872625,3.3788507
"L2-000: Spectral Decomposition and Transform Methods",2014,3.29053895,3.04190069,3.55080424,3.1918979,3.39367785
"L2-000: Spectral Decomposition and Transform Methods",2015,3.30959,3.08022149,3.550183655,3.2142949,3.40679935
"L2-000: Spectral Decomposition and Transform Methods",2016,3.35701865,3.138440045,3.588314265,3.26838625,3.453833175
"L2-000: Spectral Decomposition and Transform Methods",2017,3.3295722,3.111385035,3.563957595,3.242009225,3.423320025
"L2-000: Spectral Decomposition and Transform Methods",2018,3.3324406,3.125672695,3.561677395,3.2463216,3.424972925
"L2-000: Spectral Decomposition and Transform Methods",2019,3.33714645,3.11814761,3.56642672,3.249638125,3.42813525
"L2-000: Spectral Decomposition and Transform Methods",2020,3.33250035,3.099198425,3.5699536,3.242470375,3.4281953
"L2-000: Spectral Decomposition and Transform Methods",2021,3.3609257,3.12669519,3.594834925,3.265240275,3.458045575
"L2-000: Spectral Decomposition and Transform Methods",2022,3.34132815,3.090419895,3.59160217,3.24125225,3.4422295
"L2-000: Spectral Decomposition and Transform Methods",2023,3.29264025,2.987771105,3.576984185,3.17329265,3.410887375
"L2-000: Spectral Decomposition and Transform Methods",2024,3.30144385,2.962104035,3.605525365,3.163207425,3.4247018
"L2-000: Spectral Decomposition and Transform Methods",2025,3.32932065,2.99582353,3.641437225,3.199258025,3.4580953
"L2-000: Spectral Decomposition and Transform Methods",2026,3.30648655,2.95036617,3.639835975,3.162533775,3.44717555
"L2-001: Tomographic and Radiographic Imaging",2010,2.34638195,1.78000321,2.95625951,2.10404115,2.599160425
"L2-001: Tomographic and Radiographic Imaging",2011,2.3725683,1.835328625,2.956893245,2.141799075,2.6172461
"L2-001: Tomographic and Radiographic Imaging",2012,2.3909142,1.881267095,2.925479455,2.166359825,2.61549065
"L2-001: Tomographic and Radiographic Imaging",2013,2.4441952,1.958952385,2.95331405,2.2385414,2.6603238
"L2-001: Tomographic and Radiographic Imaging",2014,2.48150705,2.028180915,2.952490325,2.281228,2.6789194
"L2-001: Tomographic and Radiographic Imaging",2015,2.4970515,2.078970245,2.946846395,2.320050825,2.69117065
"L2-001: Tomographic and Radiographic Imaging",2016,2.5456849,2.14788423,2.976799215,2.373439575,2.719573625
"L2-001: Tomographic and Radiographic Imaging",2017,2.58818995,2.213543385,2.984183665,2.4320887,2.755076275
"L2-001: Tomographic and Radiographic Imaging",2018,2.64130375,2.279933375,3.01804359,2.493843425,2.7940939
"L2-001: Tomographic and Radiographic Imaging",2019,2.6216453,2.283676265,2.978007835,2.4826566,2.7631363
"L2-001: Tomographic and Radiographic Imaging",2020,2.70170935,2.37055098,3.04214098,2.5648592,2.83835985
"L2-001: Tomographic and Radiographic Imaging",2021,2.7234558,2.380926595,3.06045724,2.5805007,2.857934475
"L2-001: Tomographic and Radiographic Imaging",2022,2.7777334,2.42235667,3.12533418,2.634648875,2.9186663
"L2-001: Tomographic and Radiographic Imaging",2023,2.86997105,2.52125846,3.198631635,2.7269643,3.00635295
"L2-001: Tomographic and Radiographic Imaging",2024,2.9490948,2.59123683,3.287404035,2.807339375,3.0916416
"L2-001: Tomographic and Radiographic Imaging",2025,3.00311135,2.62728017,3.344574665,2.851614775,3.146669525
"L2-001: Tomographic and Radiographic Imaging",2026,3.0429977,2.63823355,3.40464652,2.8805181,3.1927523
"L2-002: Image Enhancement and Segmentation",2010,5.6413097,4.06111083,6.92548971,5.0150088,6.2112013
"L2-002: Image Enhancement and Segmentation",2011,5.7732981,4.27019023,6.98063558,5.17201255,6.334978925
"L2-002: Image Enhancement and Segmentation",2012,5.87127985,4.46078742,7.012833285,5.30293525,6.406385675
"L2-002: Image Enhancement and Segmentation",2013,5.98115815,4.628694635,7.052269455,5.427694775,6.47229045
"L2-002: Image Enhancement and Segmentation",2014,6.02898715,4.760746075,7.069520575,5.525761,6.5055944
"L2-002: Image Enhancement and Segmentation",2015,6.1339985,4.92800899,7.100583695,5.669100775,6.5667216
"L2-002: Image Enhancement and Segmentation",2016,6.21114805,5.07077097,7.132546835,5.761412975,6.619797375
"L2-002: Image Enhancement and Segmentation",2017,6.2625561,5.189062685,7.127220145,5.8370776,6.648724875
"L2-002: Image Enhancement and Segmentation",2018,6.3108822,5.298428055,7.14894672,5.8996728,6.67983355
"L2-002: Image Enhancement and Segmentation",2019,6.24315045,5.27444222,7.06597089,5.85295195,6.604799025
"L2-002: Image Enhancement and Segmentation",2020,6.2700355,5.33458043,7.058407785,5.89800675,6.61573155
"L2-002: Image Enhancement and Segmentation",2021,6.19460945,5.285319895,6.97939446,5.82840575,6.538096825
"L2-002: Image Enhancement and Segmentation",2022,6.1589913,5.27408506,6.95410885,5.7924556,6.49888235
"L2-002: Image Enhancement and Segmentation",2023,5.9462384,5.135829075,6.71419414,5.6106646,6.27453255
"L2-002: Image Enhancement and Segmentation",2024,5.80773025,5.012076465,6.60077292,5.48494035,6.13323105
"L2-002: Image Enhancement and Segmentation",2025,5.59606885,4.786700015,6.40032421,5.268079125,5.933484525
"L2-002: Image Enhancement and Segmentation",2026,5.4914587,4.62595782,6.35093016,5.127294225,5.8566168
"L2-004: Colorimetric and Color Space Methods",2010,1.9231449,1.57443325,1.99927761,1.805278125,1.9823602
"L2-004: Colorimetric and Color Space Methods",2011,1.93117505,1.605179545,1.999332415,1.82375995,1.9842987
"L2-004: Colorimetric and Color Space Methods",2012,1.9404967,1.641480745,1.999479405,1.8463901,1.9866417
"L2-004: Colorimetric and Color Space Methods",2013,1.9483209,1.66738586,1.999565705,1.861273625,1.98785475
"L2-004: Colorimetric and Color Space Methods",2014,1.95493225,1.694177385,1.999523565,1.87756105,1.98914265
"L2-004: Colorimetric and Color Space Methods",2015,1.9600573,1.725257015,1.999626605,1.889173,1.990699475
"L2-004: Colorimetric and Color Space Methods",2016,1.96415435,1.750254685,1.999696395,1.90043385,1.991568125
"L2-004: Colorimetric and Color Space Methods",2017,1.9670912,1.76121979,1.999761275,1.90849665,1.9923563
"L2-004: Colorimetric and Color Space Methods",2018,1.96876335,1.78472866,1.999680755,1.915550725,1.992909925
"L2-004: Colorimetric and Color Space Methods",2019,1.9711678,1.79042452,1.999737125,1.91885045,1.993074325
"L2-004: Colorimetric and Color Space Methods",2020,1.97107035,1.79370201,1.999736505,1.92129305,1.9934754
"L2-004: Colorimetric and Color Space Methods",2021,1.97204495,1.798874885,1.999778615,1.921498475,1.993570725
"L2-004: Colorimetric and Color Space Methods",2022,1.9714856,1.796451045,1.99972809,1.9199575,1.99317455
"L2-004: Colorimetric and Color Space Methods",2023,1.9677138,1.775312335,1.99969837,1.9097793,1.992780775
"L2-004: Colorimetric and Color Space Methods",2024,1.96583265,1.764702945,1.999695925,1.9068052,1.99272215
"L2-004: Colorimetric and Color Space Methods",2025,1.96273415,1.74556156,1.99970123,1.89800735,1.991444975
"L2-004: Colorimetric and Color Space Methods",2026,1.95890605,1.72718478,1.99962203,1.888082775,1.990689775
"L2-005: Geophysical Inversion and Calibration",2010,4.75179625,3.965238125,5.377091745,4.440286425,5.01872645
"L2-005: Geophysical Inversion and Calibration",2011,4.8140529,4.10777014,5.38461928,4.532455525,5.062344475
"L2-005: Geophysical Inversion and Calibration",2012,4.8740789,4.22464248,5.39122913,4.624191525,5.10037765
"L2-005: Geophysical Inversion and Calibration",2013,4.92546865,4.320270745,5.4026728,4.692394975,5.127888925
"L2-005: Geophysical Inversion and Calibration",2014,4.98062035,4.43291888,5.42497002,4.775960175,5.1686912
"L2-005: Geophysical Inversion and Calibration",2015,5.02308425,4.51820627,5.438013815,4.830797575,5.2020767
"L2-005: Geophysical Inversion and Calibration",2016,5.0460308,4.57876472,5.430172445,4.868904275,5.20801775
"L2-005: Geophysical Inversion and Calibration",2017,5.0799014,4.647057575,5.449393525,4.916116425,5.23433625
"L2-005: Geophysical Inversion and Calibration",2018,5.08026,4.64660999,5.44567328,4.913527825,5.2397467
"L2-005: Geophysical Inversion and Calibration",2019,5.05941115,4.626289805,5.425970085,4.89818175,5.214382
"L2-005: Geophysical Inversion and Calibration",2020,5.06579865,4.623947995,5.437927655,4.898500575,5.21909655
"L2-005: Geophysical Inversion and Calibration",2021,5.03190545,4.588149025,5.400997825,4.85969805,5.18856895
"L2-005: Geophysical Inversion and Calibration",2022,5.0423497,4.57624204,5.411061695,4.8664496,5.197853375
"L2-005: Geophysical Inversion and Calibration",2023,5.00334015,4.503184745,5.408858385,4.8208924,5.1752139
"L2-005: Geophysical Inversion and Calibration",2024,4.9673754,4.42893068,5.396059055,4.7685416,5.14456835
"L2-005: Geophysical Inversion and Calibration",2025,4.93773025,4.374567865,5.38271044,4.728214,5.122018475
"L2-005: Geophysical Inversion and Calibration",2026,4.8618399,4.23131566,5.337035395,4.622537175,5.058134925
"L2-006: Signal Processing and Pattern Recognition",2010,1.67026395,1.337237715,1.977536135,1.5162501,1.82299785
"L2-006: Signal Processing and Pattern Recognition",2011,1.65874455,1.34677113,1.96675639,1.51975515,1.808738
"L2-006: Signal Processing and Pattern Recognition",2012,1.64367965,1.3604838,1.940779085,1.5172597,1.777713375
"L2-006: Signal Processing and Pattern Recognition",2013,1.62605,1.357394305,1.916575055,1.50527905,1.753608725
"L2-006: Signal Processing and Pattern Recognition",2014,1.6253606,1.37374003,1.894753485,1.510772875,1.73910085
"L2-006: Signal Processing and Pattern Recognition",2015,1.6057934,1.37316997,1.86530492,1.502488775,1.712365325
"L2-006: Signal Processing and Pattern Recognition",2016,1.58664655,1.36913365,1.827832965,1.489786675,1.68533835
"L2-006: Signal Processing and Pattern Recognition",2017,1.57363,1.375357035,1.79894964,1.4863827,1.665410025
"L2-006: Signal Processing and Pattern Recognition",2018,1.55816815,1.373309025,1.768337085,1.475109975,1.645300975
"L2-006: Signal Processing and Pattern Recognition",2019,1.55247365,1.377209305,1.751435945,1.4752255,1.63650515
"L2-006: Signal Processing and Pattern Recognition",2020,1.53325025,1.363889475,1.730500645,1.460366275,1.613039825
"L2-006: Signal Processing and Pattern Recognition",2021,1.52643705,1.366298055,1.720078805,1.457362625,1.603472425
"L2-006: Signal Processing and Pattern Recognition",2022,1.5238691,1.360804305,1.720291005,1.453191375,1.600619975
"L2-006: Signal Processing and Pattern Recognition",2023,1.47413265,1.31648041,1.656154975,1.403190125,1.54499905
"L2-006: Signal Processing and Pattern Recognition",2024,1.44802985,1.29901319,1.63262958,1.381207325,1.52332555
"L2-006: Signal Processing and Pattern Recognition",2025,1.4452641,1.291519035,1.63132515,1.37643505,1.518441325
"L2-006: Signal Processing and Pattern Recognition",2026,1.42389145,1.26636812,1.62957885,1.353877975,1.505531725
"L2-007: Vector Embedding Techniques",2010,1.8071125,1.311386875,1.997747115,1.5921536,1.948812825
"L2-007: Vector Embedding Techniques",2011,1.8219952,1.330048285,1.99775269,1.6152216,1.952341725
"L2-007: Vector Embedding Techniques",2012,1.8366191,1.370903775,1.998265595,1.64109075,1.95765375
"L2-007: Vector Embedding Techniques",2013,1.849128,1.390930945,1.99824673,1.661296425,1.961088625
"L2-007: Vector Embedding Techniques",2014,1.86465195,1.426964145,1.99866458,1.690364025,1.966142825
"L2-007: Vector Embedding Techniques",2015,1.8761743,1.455239255,1.998907065,1.71347475,1.969324625
"L2-007: Vector Embedding Techniques",2016,1.887913,1.48450745,1.999011955,1.736939125,1.971305775
"L2-007: Vector Embedding Techniques",2017,1.90030535,1.50975915,1.999082615,1.75649515,1.975260575
"L2-007: Vector Embedding Techniques",2018,1.90244615,1.52844927,1.999056145,1.771157575,1.976594825
"L2-007: Vector Embedding Techniques",2019,1.91525615,1.56058392,1.999178855,1.792605775,1.98019815
"L2-007: Vector Embedding Techniques",2020,1.92467385,1.57358181,1.99941385,1.803963825,1.98112335
"L2-007: Vector Embedding Techniques",2021,1.92812225,1.5862789,1.999317775,1.81267605,1.9822483
"L2-007: Vector Embedding Techniques",2022,1.93008765,1.59482011,1.999303755,1.817848225,1.98331525
"L2-007: Vector Embedding Techniques",2023,1.93704035,1.62486807,1.99947564,1.836029475,1.984650325
"L2-007: Vector Embedding Techniques",2024,1.93757565,1.626246705,1.999454735,1.838130025,1.984999625
"L2-007: Vector Embedding Techniques",2025,1.93663875,1.61976765,1.99935241,1.837570125,1.985196925
"L2-007: Vector Embedding Techniques",2026,1.93283895,1.602588335,1.999340815,1.825346175,1.984914825
"L2-008: Bayesian Time Series Analysis",2010,5.04697445,4.07722205,5.899481295,4.67295845,5.4101272
"L2-008: Bayesian Time Series Analysis",2011,5.10873735,4.19036105,5.933619325,4.74878535,5.454426975
"L2-008: Bayesian Time Series Analysis",2012,5.1861894,4.27387059,5.95778573,4.8208597,5.514334725
"L2-008: Bayesian Time Series Analysis",2013,5.22386145,4.36376418,5.986563675,4.882157375,5.543953525
"L2-008: Bayesian Time Series Analysis",2014,5.2072454,4.35682608,5.932569785,4.871702975,5.520438975
"L2-008: Bayesian Time Series Analysis",2015,5.26848275,4.42407881,6.012057575,4.936034875,5.5827437
"L2-008: Bayesian Time Series Analysis",2016,5.29377205,4.50520777,6.004436545,4.980025225,5.5969384
"L2-008: Bayesian Time Series Analysis",2017,5.27438715,4.49980108,5.976100455,4.959857925,5.571304475
"L2-008: Bayesian Time Series Analysis",2018,5.31271805,4.57208444,5.99347125,5.016448225,5.60704825
"L2-008: Bayesian Time Series Analysis",2019,5.29985325,4.55072048,5.962063105,4.995173025,5.589878
"L2-008: Bayesian Time Series Analysis",2020,5.2412602,4.495053205,5.92989704,4.942590925,5.537039775
"L2-008: Bayesian Time Series Analysis",2021,5.3001044,4.570885425,5.96844146,4.99830425,5.58417245
"L2-008: Bayesian Time Series Analysis",2022,5.2361855,4.47113969,5.92747814,4.92119805,5.535245425
"L2-008: Bayesian Time Series Analysis",2023,5.2590835,4.499731975,5.95195433,4.94643315,5.55147075
"L2-008: Bayesian Time Series Analysis",2024,5.17804815,4.387583545,5.89181701,4.85376035,5.4891346
"L2-008: Bayesian Time Series Analysis",2025,5.19504975,4.39139441,5.930614465,4.87699155,5.497668725
"L2-008: Bayesian Time Series Analysis",2026,5.1449659,4.31597982,5.917097535,4.800093925,5.4664653
"L2-009: Graph-Based Network Analysis",2010,2.9402924,2.49219135,3.510436115,2.74317195,3.165658925
"L2-009: Graph-Based Network Analysis",2011,2.96360405,2.53530228,3.49580967,2.772010075,3.170606475
"L2-009: Graph-Based Network Analysis",2012,2.9952238,2.59857318,3.487803315,2.82146735,3.193786925
"L2-009: Graph-Based Network Analysis",2013,3.0339737,2.657554155,3.48404269,2.866780175,3.2170281
"L2-009: Graph-Based Network Analysis",2014,2.9945358,2.651626865,3.40785635,2.84321845,3.1642668
"L2-009: Graph-Based Network Analysis",2015,3.0183748,2.688545825,3.403351155,2.877875275,3.173657425
"L2-009: Graph-Based Network Analysis",2016,3.02826395,2.722234495,3.381172195,2.89531345,3.16461725
"L2-009: Graph-Based Network Analysis",2017,3.02350115,2.73476146,3.34787205,2.9015435,3.1529615
"L2-009: Graph-Based Network Analysis",2018,3.0691732,2.79033998,3.3846845,2.94689225,3.1911365
"L2-009: Graph-Based Network Analysis",2019,3.0502589,2.79280491,3.34379193,2.940079475,3.172613525
"L2-009: Graph-Based Network Analysis",2020,3.06962775,2.8099175,3.35913956,2.957294625,3.1863894
"L2-009: Graph-Based Network Analysis",2021,3.0669751,2.80445425,3.354737325,2.9611168,3.18167985
"L2-009: Graph-Based Network Analysis",2022,3.0755869,2.808059205,3.369130745,2.964711525,3.19396385
"L2-009: Graph-Based Network Analysis",2023,3.18701135,2.9234524,3.47280744,3.074400175,3.3011658
"L2-009: Graph-Based Network Analysis",2024,3.16222705,2.898591445,3.445169745,3.0506743,3.279968325
"L2-009: Graph-Based Network Analysis",2025,3.19558375,2.924816005,3.490924055,3.08049955,3.312662775
"L2-009: Graph-Based Network Analysis",2026,3.2185425,2.918875805,3.548149155,3.094556975,3.349617975
"L2-010: Weighted Aggregation Methods",2010,1.8809006,1.515378205,1.998555925,1.7399216,1.966457625
"L2-010: Weighted Aggregation Methods",2011,1.87049185,1.526454165,1.998478965,1.734892125,1.9637375
"L2-010: Weighted Aggregation Methods",2012,1.84570435,1.510472605,1.99706178,1.709626975,1.94669775
"L2-010: Weighted Aggregation Methods",2013,1.82725135,1.513381725,1.99532041,1.700730275,1.93047085
"L2-010: Weighted Aggregation Methods",2014,1.806534,1.513819325,1.991782945,1.687819075,1.9109935
"L2-010: Weighted Aggregation Methods",2015,1.78183105,1.50022985,1.982432635,1.66702815,1.88615605
"L2-010: Weighted Aggregation Methods",2016,1.7537959,1.48504526,1.9672304,1.6415568,1.860347875
"L2-010: Weighted Aggregation Methods",2017,1.72860815,1.47237381,1.948884435,1.61851875,1.829292375
"L2-010: Weighted Aggregation Methods",2018,1.70665575,1.45527588,1.931329765,1.600952375,1.808005325
"L2-010: Weighted Aggregation Methods",2019,1.6829272,1.43851671,1.91506659,1.578450025,1.787522925
"L2-010: Weighted Aggregation Methods",2020,1.65541615,1.41735018,1.893955725,1.550569125,1.7591188
"L2-010: Weighted Aggregation Methods",2021,1.63366755,1.38947553,1.882699865,1.528478275,1.744865675
"L2-010: Weighted Aggregation Methods",2022,1.6057944,1.35847837,1.868021945,1.497927975,1.718440075
"L2-010: Weighted Aggregation Methods",2023,1.5836701,1.32774819,1.867371455,1.4673809,1.70336215
"L2-010: Weighted Aggregation Methods",2024,1.566726,1.3114863,1.860669365,1.448356625,1.69229185
"L2-010: Weighted Aggregation Methods",2025,1.5419788,1.281423465,1.850382795,1.422009925,1.670857875
"L2-010: Weighted Aggregation Methods",2026,1.52004275,1.262689375,1.843426005,1.398752275,1.65398775
"L2-013: Geospatial Spatial Analysis",2010,3.80832095,3.069600155,4.73921784,3.479888475,4.154337125
"L2-013: Geospatial Spatial Analysis",2011,3.8015886,3.08986784,4.638205235,3.490603725,4.1265562
"L2-013: Geospatial Spatial Analysis",2012,3.79588995,3.14904255,4.55474988,3.512312025,4.0933322
"L2-013: Geospatial Spatial Analysis",2013,3.9268611,3.28525177,4.660021765,3.66061995,4.21173315
"L2-013: Geospatial Spatial Analysis",2014,3.9989418,3.40272512,4.68077866,3.748701325,4.264254525
"L2-013: Geospatial Spatial Analysis",2015,3.99408025,3.41888276,4.64933934,3.7508261,4.246477925
"L2-013: Geospatial Spatial Analysis",2016,4.12379855,3.581569485,4.744792955,3.898319375,4.37094895
"L2-013: Geospatial Spatial Analysis",2017,4.3937373,3.872674,5.002715875,4.173290175,4.628399925
"L2-013: Geospatial Spatial Analysis",2018,4.27908365,3.77409131,4.84493429,4.064742975,4.5066776
"L2-013: Geospatial Spatial Analysis",2019,4.25106305,3.74360549,4.791560235,4.039097,4.46449495
"L2-013: Geospatial Spatial Analysis",2020,4.46203545,3.956186035,5.031837405,4.245287325,4.682379575
"L2-013: Geospatial Spatial Analysis",2021,4.30592485,3.77371198,4.852480305,4.08724035,4.525193175
"L2-013: Geospatial Spatial Analysis",2022,4.49753875,3.944646385,5.077132075,4.267272525,4.730227925
"L2-013: Geospatial Spatial Analysis",2023,4.7951833,4.24528089,5.36351501,4.569378475,5.022676875
"L2-013: Geospatial Spatial Analysis",2024,5.1033168,4.56842216,5.666269765,4.884913025,5.337324575
"L2-013: Geospatial Spatial Analysis",2025,4.84233545,4.28624507,5.40564395,4.61216705,5.07677225
"L2-013: Geospatial Spatial Analysis",2026,5.00512865,4.40632514,5.64106354,4.75859325,5.25973705
"L2-015: Geostatistical Interpolation",2010,3.3595868,2.87967069,3.801005555,3.172405575,3.552070375
"L2-015: Geostatistical Interpolation",2011,3.3682008,2.91358544,3.799866025,3.1889025,3.550278025
"L2-015: Geostatistical Interpolation",2012,3.37821995,2.96335196,3.780526325,3.21316225,3.545072875
"L2-015: Geostatistical Interpolation",2013,3.3737942,2.983516445,3.76409002,3.222186375,3.53177705
"L2-015: Geostatistical Interpolation",2014,3.3781619,3.02368737,3.74586778,3.233759175,3.526355925
"L2-015: Geostatistical Interpolation",2015,3.3753582,3.042552925,3.7226009,3.242510825,3.51881225
"L2-015: Geostatistical Interpolation",2016,3.3725476,3.047765035,3.706145735,3.241440225,3.507380425
"L2-015: Geostatistical Interpolation",2017,3.3789404,3.05581477,3.700376775,3.249802525,3.510345825
"L2-015: Geostatistical Interpolation",2018,3.3447627,3.028575195,3.671673065,3.2198279,3.476645275
"L2-015: Geostatistical Interpolation",2019,3.32639795,2.99567433,3.64216011,3.199041275,3.453325025
"L2-015: Geostatistical Interpolation",2020,3.3014831,2.96534167,3.62422432,3.17245135,3.431037425
"L2-015: Geostatistical Interpolation",2021,3.27540855,2.91991441,3.60692247,3.136363025,3.40530295
"L2-015: Geostatistical Interpolation",2022,3.24548305,2.85793869,3.59273066,3.100254275,3.3801459
"L2-015: Geostatistical Interpolation",2023,3.1598275,2.70303684,3.53132934,2.9856216,3.315617675
"L2-015: Geostatistical Interpolation",2024,3.1205673,2.63273926,3.52104059,2.934200775,3.2787039
"L2-015: Geostatistical Interpolation",2025,3.08128325,2.565735805,3.51069334,2.887369425,3.2557387
"L2-015: Geostatistical Interpolation",2026,3.0464492,2.485667565,3.496300875,2.836013625,3.231338
"L2-016: 3D Geometric Morphometrics",2010,2.5254711,2.029088485,3.17401649,2.30423635,2.765845675
"L2-016: 3D Geometric Morphometrics",2011,2.6011173,2.14272395,3.1691461,2.40563015,2.824800125
"L2-016: 3D Geometric Morphometrics",2012,2.5976444,2.15680146,3.129974875,2.404799925,2.800685175
"L2-016: 3D Geometric Morphometrics",2013,2.6619192,2.25049934,3.16053176,2.483334825,2.854480325
"L2-016: 3D Geometric Morphometrics",2014,2.7042461,2.322904455,3.15778472,2.543509475,2.879027375
"L2-016: 3D Geometric Morphometrics",2015,2.7731649,2.41785202,3.17873756,2.619694975,2.926142875
"L2-016: 3D Geometric Morphometrics",2016,2.8057758,2.46816897,3.18910912,2.66732605,2.95814025
"L2-016: 3D Geometric Morphometrics",2017,2.8531501,2.55058384,3.20467637,2.724400125,2.9912379
"L2-016: 3D Geometric Morphometrics",2018,2.9215807,2.631144985,3.249288595,2.79555095,3.04702655
"L2-016: 3D Geometric Morphometrics",2019,2.8321787,2.55775032,3.12619707,2.717039425,2.950088175
"L2-016: 3D Geometric Morphometrics",2020,2.98687275,2.719570855,3.28975032,2.876491275,3.107982875
"L2-016: 3D Geometric Morphometrics",2021,3.0204852,2.758885505,3.324400675,2.90896235,3.138562525
"L2-016: 3D Geometric Morphometrics",2022,3.05834525,2.7975263,3.36909541,2.94913785,3.175125775
"L2-016: 3D Geometric Morphometrics",2023,2.97540605,2.712803045,3.278770025,2.860414675,3.093427825
"L2-016: 3D Geometric Morphometrics",2024,3.10894685,2.845129015,3.420110305,2.991701425,3.23263615
"L2-016: 3D Geometric Morphometrics",2025,3.1407029,2.86448757,3.47280224,3.02497445,3.268076775
"L2-016: 3D Geometric Morphometrics",2026,3.1289852,2.83419696,3.4971403,2.998643525,3.27020095
"L2-017: 3D Data Acquisition & Reconstruction",2010,3.0679363,2.669381215,3.38246887,2.9257137,3.19399765
"L2-017: 3D Data Acquisition & Reconstruction",2011,3.07854355,2.703713925,3.371472895,2.935919025,3.197145675
"L2-017: 3D Data Acquisition & Reconstruction",2012,3.07341085,2.72152935,3.36076231,2.9416483,3.19123565
"L2-017: 3D Data Acquisition & Reconstruction",2013,3.0908396,2.7726188,3.356608995,2.96869425,3.2001331
"L2-017: 3D Data Acquisition & Reconstruction",2014,3.0878465,2.797643435,3.34018832,2.9775486,3.1927241
"L2-017: 3D Data Acquisition & Reconstruction",2015,3.0806064,2.798520085,3.31706882,2.973818875,3.17904175
"L2-017: 3D Data Acquisition & Reconstruction",2016,3.08586625,2.82885896,3.31651623,2.98875305,3.1820862
"L2-017: 3D Data Acquisition & Reconstruction",2017,3.06632705,2.820905465,3.284564745,2.970568625,3.158511525
"L2-017: 3D Data Acquisition & Reconstruction",2018,3.07188325,2.83336254,3.291073895,2.977308775,3.160319875
"L2-017: 3D Data Acquisition & Reconstruction",2019,3.07604415,2.85602023,3.28105195,2.989071775,3.16051095
"L2-017: 3D Data Acquisition & Reconstruction",2020,3.03943125,2.81686394,3.24366624,2.9513011,3.123604825
"L2-017: 3D Data Acquisition & Reconstruction",2021,3.03906095,2.8141274,3.24275253,2.948671,3.126594675
"L2-017: 3D Data Acquisition & Reconstruction",2022,3.03889295,2.80375158,3.26571037,2.9453019,3.134884725
"L2-017: 3D Data Acquisition & Reconstruction",2023,3.0873719,2.85269104,3.315717945,2.991571,3.180966225
"L2-017: 3D Data Acquisition & Reconstruction",2024,3.04377685,2.797915645,3.269017465,2.946030575,3.13977905
"L2-017: 3D Data Acquisition & Reconstruction",2025,3.0687127,2.80451184,3.30945514,2.9616004,3.165870425
"L2-017: 3D Data Acquisition & Reconstruction",2026,3.1061352,2.81766414,3.36195891,2.993912025,3.214271275
"L2-018: Monte Carlo and Resampling Methods",2010,2.47325955,1.94535506,3.055559315,2.23953195,2.70587245
"L2-018: Monte Carlo and Resampling Methods",2011,2.48983485,1.994521195,3.029963475,2.279522675,2.710184425
"L2-018: Monte Carlo and Resampling Methods",2012,2.5004931,2.029717025,3.01593942,2.300642,2.701486025
"L2-018: Monte Carlo and Resampling Methods",2013,2.50855685,2.060778795,2.98832072,2.320462325,2.69943905
"L2-018: Monte Carlo and Resampling Methods",2014,2.5050548,2.09223904,2.95449649,2.32660705,2.68958525
"L2-018: Monte Carlo and Resampling Methods",2015,2.51977315,2.131485045,2.950103295,2.356674725,2.685122525
"L2-018: Monte Carlo and Resampling Methods",2016,2.5131954,2.152081815,2.92815016,2.357242125,2.6781815
"L2-018: Monte Carlo and Resampling Methods",2017,2.4931155,2.137739965,2.891483395,2.34614335,2.6525821
"L2-018: Monte Carlo and Resampling Methods",2018,2.51425045,2.163499205,2.903821595,2.36637065,2.670352975
"L2-018: Monte Carlo and Resampling Methods",2019,2.5369812,2.183268495,2.91670426,2.383539575,2.686874925
"L2-018: Monte Carlo and Resampling Methods",2020,2.53212525,2.160046945,2.91254929,2.378299975,2.683137625
"L2-018: Monte Carlo and Resampling Methods",2021,2.5394924,2.161446505,2.939645165,2.383936575,2.69792335
"L2-018: Monte Carlo and Resampling Methods",2022,2.5551674,2.159177205,2.96499872,2.39027975,2.7188631
"L2-018: Monte Carlo and Resampling Methods",2023,2.60932645,2.192427295,3.058857935,2.432792925,2.7907482
"L2-018: Monte Carlo and Resampling Methods",2024,2.6534263,2.216737985,3.09992725,2.46946315,2.827661
"L2-018: Monte Carlo and Resampling Methods",2025,2.6592791,2.222075645,3.11921007,2.473985425,2.849005475
"L2-018: Monte Carlo and Resampling Methods",2026,2.6411494,2.157534165,3.13427103,2.43706315,2.841861825
"L2-019: Bayesian Statistical Modeling",2010,1.73944545,1.50701141,2.06272527,1.636373625,1.8631915
"L2-019: Bayesian Statistical Modeling",2011,1.7436332,1.524282755,2.05432998,1.64474835,1.862272775
"L2-019: Bayesian Statistical Modeling",2012,1.74172645,1.533711755,2.019574125,1.650558,1.847216775
"L2-019: Bayesian Statistical Modeling",2013,1.7659028,1.56007775,2.04068609,1.67552785,1.868929575
"L2-019: Bayesian Statistical Modeling",2014,1.7914276,1.600065865,2.037632355,1.70629745,1.887715025
"L2-019: Bayesian Statistical Modeling",2015,1.79124445,1.60480981,2.024080535,1.709529175,1.880733775
"L2-019: Bayesian Statistical Modeling",2016,1.81102005,1.62678424,2.035557955,1.73253,1.895561325
"L2-019: Bayesian Statistical Modeling",2017,1.82233635,1.642259455,2.03621707,1.74611895,1.906499475
"L2-019: Bayesian Statistical Modeling",2018,1.89150845,1.703661035,2.115814965,1.81038045,1.977440875
"L2-019: Bayesian Statistical Modeling",2019,1.91966775,1.733238925,2.14606813,1.8393319,2.00616855
"L2-019: Bayesian Statistical Modeling",2020,1.9491952,1.75493102,2.1911061,1.864612075,2.041067825
"L2-019: Bayesian Statistical Modeling",2021,1.98477045,1.768495825,2.24223818,1.895168925,2.0845933
"L2-019: Bayesian Statistical Modeling",2022,1.99658105,1.781039725,2.27748173,1.9017799,2.104409125
"L2-019: Bayesian Statistical Modeling",2023,1.905883,1.68719182,2.172982085,1.812700275,2.009177925
"L2-019: Bayesian Statistical Modeling",2024,1.9970458,1.76419217,2.300851575,1.893157525,2.109552225
"L2-019: Bayesian Statistical Modeling",2025,2.09035395,1.83155425,2.430578125,1.9750159,2.2188875
"L2-019: Bayesian Statistical Modeling",2026,2.05554305,1.77191929,2.42932919,1.926905675,2.191971975
"L2-020: Kernel Density Estimation",2010,1.821583,1.451290705,1.99733921,1.661214125,1.940964775
"L2-020: Kernel Density Estimation",2011,1.80132535,1.45191442,1.995455675,1.649203325,1.92027015
"L2-020: Kernel Density Estimation",2012,1.7848974,1.45861989,1.99084162,1.644483525,1.90426205
"L2-020: Kernel Density Estimation",2013,1.7699122,1.471969365,1.98438022,1.64109095,1.885332
"L2-020: Kernel Density Estimation",2014,1.7531935,1.475749495,1.970767545,1.635641475,1.85990825
"L2-020: Kernel Density Estimation",2015,1.7322792,1.481976475,1.946489475,1.624870275,1.8332929
"L2-020: Kernel Density Estimation",2016,1.71297675,1.48133121,1.921815635,1.6140338,1.808275175
"L2-020: Kernel Density Estimation",2017,1.6941411,1.480083095,1.899060445,1.604831575,1.783373275
"L2-020: Kernel Density Estimation",2018,1.67127,1.471660585,1.86634742,1.58678175,1.75614255
"L2-020: Kernel Density Estimation",2019,1.6476667,1.463101145,1.8385085,1.569581375,1.72812755
"L2-020: Kernel Density Estimation",2020,1.6439122,1.462163485,1.828251605,1.56751725,1.721613175
"L2-020: Kernel Density Estimation",2021,1.60850525,1.433965245,1.797339425,1.5331145,1.6857239
"L2-020: Kernel Density Estimation",2022,1.60835965,1.427316755,1.796416915,1.53140345,1.686798825
"L2-020: Kernel Density Estimation",2023,1.57670375,1.40141676,1.767528135,1.49857615,1.654043975
"L2-020: Kernel Density Estimation",2024,1.57077165,1.39067764,1.76683019,1.494375725,1.651344175
"L2-020: Kernel Density Estimation",2025,1.5494165,1.364101245,1.761743465,1.47059635,1.636862125
"L2-020: Kernel Density Estimation",2026,1.5505941,1.35517755,1.77866709,1.4671584,1.643935675
"L2-021: Mixture Modeling and Unmixing",2010,2.6393484,2.05503061,2.957203065,2.42149365,2.8084052
"L2-021: Mixture Modeling and Unmixing",2011,2.659752,2.12801425,2.95746679,2.458658425,2.819053775
"L2-021: Mixture Modeling and Unmixing",2012,2.6703669,2.16468673,2.95549356,2.482100675,2.82080025
"L2-021: Mixture Modeling and Unmixing",2013,2.6784889,2.221914465,2.95470383,2.505305125,2.820357975
"L2-021: Mixture Modeling and Unmixing",2014,2.6929099,2.262020595,2.95091263,2.534241875,2.8224473
"L2-021: Mixture Modeling and Unmixing",2015,2.69970505,2.307290815,2.94862388,2.5570813,2.8261987
"L2-021: Mixture Modeling and Unmixing",2016,2.71480355,2.35705686,2.946738895,2.581737475,2.828856925
"L2-021: Mixture Modeling and Unmixing",2017,2.7213249,2.38981631,2.940986865,2.595400225,2.8291142
"L2-021: Mixture Modeling and Unmixing",2018,2.7270132,2.41415563,2.937709275,2.608328025,2.828087825
"L2-021: Mixture Modeling and Unmixing",2019,2.7284718,2.431105965,2.93288733,2.617012975,2.8261345
"L2-021: Mixture Modeling and Unmixing",2020,2.7288633,2.438836425,2.931546825,2.61945685,2.82429265
"L2-021: Mixture Modeling and Unmixing",2021,2.7259519,2.444413625,2.928866175,2.615826075,2.82265895
"L2-021: Mixture Modeling and Unmixing",2022,2.72050285,2.42359945,2.928608435,2.608549475,2.8199181
"L2-021: Mixture Modeling and Unmixing",2023,2.76900525,2.48148907,2.95874251,2.654233975,2.864416825
"L2-021: Mixture Modeling and Unmixing",2024,2.77055855,2.485057345,2.962876645,2.65954415,2.869160075
"L2-021: Mixture Modeling and Unmixing",2025,2.77338785,2.462451075,2.967658135,2.655749275,2.87497705
"L2-021: Mixture Modeling and Unmixing",2026,2.7537093,2.419948885,2.966749315,2.625964425,2.86388495
"L2-022: Generalized Linear Modeling",2010,3.12319775,2.47315183,3.738138935,2.859528675,3.38049625
"L2-022: Generalized Linear Modeling",2011,3.1421567,2.541388065,3.70829588,2.9063183,3.37390375
"L2-022: Generalized Linear Modeling",2012,3.1411312,2.592095185,3.680770425,2.917990975,3.36113795
"L2-022: Generalized Linear Modeling",2013,3.15830045,2.658386505,3.66162807,2.9515254,3.362729125
"L2-022: Generalized Linear Modeling",2014,3.1814429,2.711211665,3.64759526,2.9864779,3.3664754
"L2-022: Generalized Linear Modeling",2015,3.18113815,2.77152669,3.61182089,3.011786475,3.357150575
"L2-022: Generalized Linear Modeling",2016,3.1847045,2.80327399,3.583753665,3.024885675,3.34402715
"L2-022: Generalized Linear Modeling",2017,3.1960191,2.839840345,3.56783963,3.046135375,3.3467389
"L2-022: Generalized Linear Modeling",2018,3.20347865,2.873593975,3.564661335,3.062693425,3.34518595
"L2-022: Generalized Linear Modeling",2019,3.1820964,2.86143309,3.516409505,3.0488731,3.315836425
"L2-022: Generalized Linear Modeling",2020,3.18248605,2.869855675,3.51877656,3.0506679,3.314674325
"L2-022: Generalized Linear Modeling",2021,3.15301185,2.84704796,3.480052765,3.02416635,3.281910025
"L2-022: Generalized Linear Modeling",2022,3.1457588,2.838872235,3.477893125,3.01748685,3.275403525
"L2-022: Generalized Linear Modeling",2023,3.09896575,2.76871372,3.45089557,2.9590053,3.23994235
"L2-022: Generalized Linear Modeling",2024,3.0517715,2.723327295,3.4098874,2.91129525,3.194211625
"L2-022: Generalized Linear Modeling",2025,2.96583635,2.62698386,3.311941745,2.8249105,3.10852995
"L2-022: Generalized Linear Modeling",2026,2.92589095,2.56644583,3.32058767,2.7758925,3.087286775
"L2-023: Regression Modeling",2010,3.7033336,3.162320635,4.25201048,3.477273425,3.931027325
"L2-023: Regression Modeling",2011,3.74914615,3.23974196,4.27115827,3.537527575,3.96921835
"L2-023: Regression Modeling",2012,3.79791055,3.3200397,4.2800356,3.593860325,3.99980575
"L2-023: Regression Modeling",2013,3.79509175,3.335425825,4.24963205,3.607208275,3.981984275
"L2-023: Regression Modeling",2014,3.867244,3.44016834,4.285401605,3.692569775,4.04010275
"L2-023: Regression Modeling",2015,3.88462955,3.473213495,4.27948303,3.7113408,4.045647775
"L2-023: Regression Modeling",2016,3.929988,3.56276575,4.302117235,3.772989775,4.0876912
"L2-023: Regression Modeling",2017,3.931672,3.55703765,4.285548925,3.778450625,4.078474
"L2-023: Regression Modeling",2018,3.963619,3.599595445,4.308230095,3.8162623,4.1098384
"L2-023: Regression Modeling",2019,3.99472315,3.640443485,4.329839615,3.85392785,4.13604375
"L2-023: Regression Modeling",2020,4.03820435,3.694623525,4.361471115,3.898787475,4.1721498
"L2-023: Regression Modeling",2021,4.0345178,3.682389415,4.36762605,3.889470875,4.1733118
"L2-023: Regression Modeling",2022,4.0748613,3.70991083,4.40953614,3.9335941,4.2158233
"L2-023: Regression Modeling",2023,4.02248355,3.623319615,4.377295795,3.86399955,4.17109675
"L2-023: Regression Modeling",2024,4.04624325,3.64441326,4.39704184,3.89049815,4.197399975
"L2-023: Regression Modeling",2025,3.99034515,3.59043537,4.342824095,3.8359388,4.1375733
"L2-023: Regression Modeling",2026,3.9906343,3.535151035,4.376584365,3.8196892,4.158709875
"L2-024: Dimensionality Reduction and Projection",2010,3.55153045,3.14186814,3.981037165,3.38547375,3.7271853
"L2-024: Dimensionality Reduction and Projection",2011,3.6534831,3.25266505,4.06689639,3.487770375,3.823100825
"L2-024: Dimensionality Reduction and Projection",2012,3.48907225,3.097139745,3.8930231,3.328594575,3.6544378
"L2-024: Dimensionality Reduction and Projection",2013,3.50321395,3.13212209,3.88341193,3.351999725,3.659985825
"L2-024: Dimensionality Reduction and Projection",2014,3.5259915,3.181726765,3.889250665,3.3825969,3.6752944
"L2-024: Dimensionality Reduction and Projection",2015,3.40435975,3.055220095,3.753463325,3.262389825,3.5531847
"L2-024: Dimensionality Reduction and Projection",2016,3.37695945,3.033275225,3.71760904,3.238771075,3.512575425
"L2-024: Dimensionality Reduction and Projection",2017,3.458713,3.133982885,3.80660948,3.326852075,3.598889575
"L2-024: Dimensionality Reduction and Projection",2018,3.38088165,3.05692375,3.724407255,3.247128,3.5167959
"L2-024: Dimensionality Reduction and Projection",2019,3.36387715,3.039836925,3.70296586,3.231519825,3.497015025
"L2-024: Dimensionality Reduction and Projection",2020,3.33826735,3.01341506,3.67062959,3.206421025,3.4729956
"L2-024: Dimensionality Reduction and Projection",2021,3.27463825,2.921352055,3.6379825,3.130658025,3.41785295
"L2-024: Dimensionality Reduction and Projection",2022,3.254124,2.892245945,3.622717575,3.1016724,3.402780425
"L2-024: Dimensionality Reduction and Projection",2023,3.4439883,3.064751505,3.84007963,3.28645275,3.601871925
"L2-024: Dimensionality Reduction and Projection",2024,3.4091496,3.03643892,3.79765913,3.251792525,3.56293165
"L2-024: Dimensionality Reduction and Projection",2025,3.65274825,3.2741847,4.062662915,3.4956376,3.820239025
"L2-024: Dimensionality Reduction and Projection",2026,3.47869815,3.064998025,3.93427312,3.306327575,3.6631294
"L2-025: Deep Learning Architectures",2010,3.3643802,2.439736,4.574599175,2.972636,3.82335585
"L2-025: Deep Learning Architectures",2011,3.44227465,2.520405895,4.613288405,3.052064925,3.8869631
"L2-025: Deep Learning Architectures",2012,3.5067076,2.57502359,4.668738545,3.10749145,3.954157825
"L2-025: Deep Learning Architectures",2013,3.60093285,2.69200675,4.67171646,3.22132395,4.011645375
"L2-025: Deep Learning Architectures",2014,3.6690081,2.761950555,4.75862841,3.276311975,4.0880928
"L2-025: Deep Learning Architectures",2015,3.743839,2.871493375,4.77000533,3.36314995,4.14045285
"L2-025: Deep Learning Architectures",2016,3.7879226,2.93736324,4.76981099,3.4266915,4.175876625
"L2-025: Deep Learning Architectures",2017,3.9134558,3.091456545,4.828245365,3.56527645,4.287111225
"L2-025: Deep Learning Architectures",2018,3.97201645,3.177557645,4.87933725,3.6388068,4.335731175
"L2-025: Deep Learning Architectures",2019,4.07416595,3.333262775,4.922207645,3.755682625,4.4123583
"L2-025: Deep Learning Architectures",2020,4.1848121,3.46773965,4.994927735,3.877059575,4.501641
"L2-025: Deep Learning Architectures",2021,4.1394655,3.46783057,4.89672802,3.85028405,4.44216825
"L2-025: Deep Learning Architectures",2022,4.3367207,3.61754735,5.099188965,4.040197725,4.6425651
"L2-025: Deep Learning Architectures",2023,4.75412585,4.117447615,5.47566631,4.47738845,5.0441097
"L2-025: Deep Learning Architectures",2024,4.74519575,4.08718231,5.42829424,4.475239725,5.028801375
"L2-025: Deep Learning Architectures",2025,5.40032865,4.773455665,6.066519265,5.1428904,5.667716275
"L2-025: Deep Learning Architectures",2026,5.2121887,4.434058475,6.013137515,4.8936472,5.53632945
"L2-026: Attention Mechanisms",2010,1.8490237,1.35076803,1.998654265,1.65175855,1.961755575
"L2-026: Attention Mechanisms",2011,1.86394325,1.381677615,1.99881287,1.680067875,1.9659655
"L2-026: Attention Mechanisms",2012,1.87800015,1.42042637,1.9988941,1.709223875,1.9697074
"L2-026: Attention Mechanisms",2013,1.8914416,1.45537415,1.999023115,1.7362656,1.9729032
"L2-026: Attention Mechanisms",2014,1.9035765,1.495046195,1.999147795,1.76445115,1.976583725
"L2-026: Attention Mechanisms",2015,1.91545345,1.53742362,1.99926528,1.789433525,1.9793445
"L2-026: Attention Mechanisms",2016,1.925827,1.577436955,1.999311475,1.81412075,1.982469225
"L2-026: Attention Mechanisms",2017,1.93555695,1.620253705,1.999368275,1.83595515,1.9847311
"L2-026: Attention Mechanisms",2018,1.9445648,1.65802692,1.99947305,1.8556558,1.987355575
"L2-026: Attention Mechanisms",2019,1.9525671,1.69527716,1.999557865,1.8736658,1.98907015
"L2-026: Attention Mechanisms",2020,1.95975975,1.730138055,1.9996392,1.889447275,1.9909349
"L2-026: Attention Mechanisms",2021,1.96336395,1.74175046,1.99967389,1.897423625,1.991452975
"L2-026: Attention Mechanisms",2022,1.96923935,1.778041455,1.999720225,1.91362555,1.9931862
"L2-026: Attention Mechanisms",2023,1.9795045,1.846341495,1.999814065,1.940817425,1.995590475
"L2-026: Attention Mechanisms",2024,1.9822342,1.86401676,1.99985947,1.9500612,1.99626755
"L2-026: Attention Mechanisms",2025,1.98340045,1.87220429,1.99983486,1.952546725,1.996407625
"L2-026: Attention Mechanisms",2026,1.9812296,1.85290969,1.99980802,1.946866375,1.995842225
"L2-027: Convolutional Neural Network Architectures",2010,4.39956425,3.2380975,5.268322405,3.968640325,4.777657225
"L2-027: Convolutional Neural Network Architectures",2011,4.4697573,3.3950412,5.29123416,4.07548795,4.824640975
"L2-027: Convolutional Neural Network Architectures",2012,4.5407099,3.54425674,5.310445905,4.1761867,4.872462925
"L2-027: Convolutional Neural Network Architectures",2013,4.6117971,3.69547333,5.32508283,4.268475975,4.91549795
"L2-027: Convolutional Neural Network Architectures",2014,4.67848235,3.83074549,5.34243901,4.367464425,4.9551115
"L2-027: Convolutional Neural Network Architectures",2015,4.73912025,3.95286015,5.353596465,4.452073025,4.993248075
"L2-027: Convolutional Neural Network Architectures",2016,4.7919345,4.0868956,5.35763537,4.529327675,5.028169025
"L2-027: Convolutional Neural Network Architectures",2017,4.8041222,4.13052586,5.347737625,4.5487875,5.04145345
"L2-027: Convolutional Neural Network Architectures",2018,4.8470102,4.219959335,5.37097355,4.6088681,5.067148575
"L2-027: Convolutional Neural Network Architectures",2019,4.8563342,4.26294502,5.343794075,4.63189745,5.064046475
"L2-027: Convolutional Neural Network Architectures",2020,4.9113081,4.37740659,5.34747278,4.7048856,5.104615325
"L2-027: Convolutional Neural Network Architectures",2021,4.925884,4.430187045,5.333370595,4.731970675,5.099105475
"L2-027: Convolutional Neural Network Architectures",2022,4.9344429,4.42878286,5.349894625,4.73406155,5.1123296
"L2-027: Convolutional Neural Network Architectures",2023,4.95415175,4.488481625,5.33009419,4.767353025,5.1170248
"L2-027: Convolutional Neural Network Architectures",2024,4.9537508,4.53245815,5.30025746,4.79271425,5.1050506
"L2-027: Convolutional Neural Network Architectures",2025,4.8949171,4.490849485,5.250141525,4.7327323,5.042068975
"L2-027: Convolutional Neural Network Architectures",2026,4.87518465,4.3574557,5.295828375,4.67441,5.0599262
"L2-029: Archaeological Material Characterization",2010,2.6784129,1.888024165,3.510578315,2.307989525,3.039028925
"L2-029: Archaeological Material Characterization",2011,2.67864395,1.91250901,3.49453557,2.33580775,3.022343875
"L2-029: Archaeological Material Characterization",2012,2.6849062,1.975932565,3.45004039,2.36115475,3.00507575
"L2-029: Archaeological Material Characterization",2013,2.6863931,2.004270255,3.437778805,2.38278255,2.9986514
"L2-029: Archaeological Material Characterization",2014,2.67663815,2.03811274,3.374124685,2.40042225,2.973879975
"L2-029: Archaeological Material Characterization",2015,2.6748658,2.067584605,3.3541528,2.414704325,2.958115775
"L2-029: Archaeological Material Characterization",2016,2.68867,2.11629664,3.32372151,2.4352383,2.95106455
"L2-029: Archaeological Material Characterization",2017,2.69266605,2.152029925,3.288213075,2.455294575,2.945346125
"L2-029: Archaeological Material Characterization",2018,2.70934185,2.18499701,3.286332935,2.4879038,2.94331845
"L2-029: Archaeological Material Characterization",2019,2.69617525,2.19048455,3.253789645,2.482200875,2.931094825
"L2-029: Archaeological Material Characterization",2020,2.7040668,2.20888078,3.255608705,2.49748605,2.9343453
"L2-029: Archaeological Material Characterization",2021,2.73936495,2.24321068,3.28983156,2.5289011,2.96686465
"L2-029: Archaeological Material Characterization",2022,2.7158461,2.202424395,3.285397485,2.49592065,2.955468425
"L2-029: Archaeological Material Characterization",2023,2.7392867,2.206293295,3.30569677,2.50702985,2.97731315
"L2-029: Archaeological Material Characterization",2024,2.72389665,2.16042945,3.312949505,2.479754075,2.97345075
"L2-029: Archaeological Material Characterization",2025,2.74133835,2.14345787,3.344090645,2.4834936,3.0108656
"L2-029: Archaeological Material Characterization",2026,2.74870135,2.12330441,3.396198175,2.477236475,3.0306352
"L2-030: Radiocarbon Calibration and Modeling",2010,1.43845575,1.21760637,1.798198885,1.3324082,1.568451175
"L2-030: Radiocarbon Calibration and Modeling",2011,1.4298357,1.221718485,1.77291486,1.330905675,1.553934025
"L2-030: Radiocarbon Calibration and Modeling",2012,1.42669335,1.23043719,1.73323728,1.33492815,1.539402875
"L2-030: Radiocarbon Calibration and Modeling",2013,1.42825925,1.23982891,1.70832391,1.3400603,1.531864175
"L2-030: Radiocarbon Calibration and Modeling",2014,1.42958875,1.246320535,1.691402105,1.348267775,1.5268644
"L2-030: Radiocarbon Calibration and Modeling",2015,1.4289705,1.269069605,1.646195835,1.356261075,1.510384425
"L2-030: Radiocarbon Calibration and Modeling",2016,1.4229471,1.26231262,1.64761711,1.3509917,1.5070768
"L2-030: Radiocarbon Calibration and Modeling",2017,1.4282195,1.2720112,1.630682035,1.359147625,1.5044933
"L2-030: Radiocarbon Calibration and Modeling",2018,1.42473535,1.27671252,1.62352438,1.359641225,1.50242675
"L2-030: Radiocarbon Calibration and Modeling",2019,1.4197367,1.27436702,1.609409145,1.356120275,1.493154625
"L2-030: Radiocarbon Calibration and Modeling",2020,1.4095699,1.266390035,1.59334406,1.345246025,1.4802298
"L2-030: Radiocarbon Calibration and Modeling",2021,1.4277971,1.284234385,1.619808525,1.3601656,1.49797375
"L2-030: Radiocarbon Calibration and Modeling",2022,1.432068,1.28447417,1.632827455,1.3659037,1.5070787
"L2-030: Radiocarbon Calibration and Modeling",2023,1.43940885,1.28627165,1.647483485,1.37094915,1.51937135
"L2-030: Radiocarbon Calibration and Modeling",2024,1.4336415,1.273793795,1.64825105,1.36105675,1.5153268
"L2-030: Radiocarbon Calibration and Modeling",2025,1.4254933,1.262843265,1.65674421,1.351799525,1.5111574
"L2-030: Radiocarbon Calibration and Modeling",2026,1.43522515,1.25738897,1.702231335,1.3538023,1.529234575
"L2-032: Distance and Similarity Metrics",2010,3.8324794,2.91458548,4.61596042,3.467329625,4.15691095
"L2-032: Distance and Similarity Metrics",2011,3.8406888,2.98548323,4.577612415,3.491648775,4.15173225
"L2-032: Distance and Similarity Metrics",2012,3.908538,3.10683601,4.61368474,3.581214575,4.200335025
"L2-032: Distance and Similarity Metrics",2013,3.97153985,3.237228595,4.62697077,3.673893575,4.23816445
"L2-032: Distance and Similarity Metrics",2014,4.0001446,3.304503005,4.6147693,3.7254787,4.2513298
"L2-032: Distance and Similarity Metrics",2015,3.9984786,3.375184755,4.58198513,3.75135485,4.241198475
"L2-032: Distance and Similarity Metrics",2016,4.03923215,3.463727145,4.599518955,3.806723975,4.2701058
"L2-032: Distance and Similarity Metrics",2017,4.0892185,3.55775973,4.611666225,3.872047025,4.3070127
"L2-032: Distance and Similarity Metrics",2018,4.1015847,3.60616864,4.595323645,3.894331475,4.307069675
"L2-032: Distance and Similarity Metrics",2019,4.10458615,3.62921942,4.58347536,3.911912475,4.30663485
"L2-032: Distance and Similarity Metrics",2020,4.1092137,3.646110485,4.579763015,3.9183187,4.304948625
"L2-032: Distance and Similarity Metrics",2021,4.1379034,3.662529815,4.604469445,3.946751325,4.32926805
"L2-032: Distance and Similarity Metrics",2022,4.14721245,3.677144645,4.618145415,3.9524342,4.344162025
"L2-032: Distance and Similarity Metrics",2023,4.2267016,3.76262045,4.6909571,4.03869885,4.42189295
"L2-032: Distance and Similarity Metrics",2024,4.2338031,3.74808272,4.724219525,4.031357525,4.43497575
"L2-032: Distance and Similarity Metrics",2025,4.2503082,3.74080682,4.76178053,4.042196775,4.45308025
"L2-032: Distance and Similarity Metrics",2026,4.27748245,3.715201405,4.826749575,4.04263185,4.49895115
"L2-034: Partitioning and Hierarchical Clustering",2010,1.48408205,1.2900779,1.74479442,1.3988044,1.586758225
"L2-034: Partitioning and Hierarchical Clustering",2011,1.5026917,1.3134593,1.743514045,1.419831525,1.597237725
"L2-034: Partitioning and Hierarchical Clustering",2012,1.51184455,1.33271223,1.73597162,1.4319415,1.60091215
"L2-034: Partitioning and Hierarchical Clustering",2013,1.5169419,1.349458495,1.729004735,1.442358875,1.599397475
"L2-034: Partitioning and Hierarchical Clustering",2014,1.5392071,1.3799203,1.73518685,1.4682779,1.616167875
"L2-034: Partitioning and Hierarchical Clustering",2015,1.52331215,1.371110575,1.707584595,1.4574845,1.596447275
"L2-034: Partitioning and Hierarchical Clustering",2016,1.5514894,1.400323395,1.727698855,1.484732575,1.619176575
"L2-034: Partitioning and Hierarchical Clustering",2017,1.55302005,1.41138402,1.722790375,1.4920313,1.618353175
"L2-034: Partitioning and Hierarchical Clustering",2018,1.57971455,1.442186135,1.74556749,1.52026125,1.64277245
"L2-034: Partitioning and Hierarchical Clustering",2019,1.5828156,1.448664335,1.74187735,1.5234322,1.644314375
"L2-034: Partitioning and Hierarchical Clustering",2020,1.58976745,1.449307645,1.746299725,1.529883375,1.653402175
"L2-034: Partitioning and Hierarchical Clustering",2021,1.60627545,1.46309069,1.76825011,1.5462264,1.669571475
"L2-034: Partitioning and Hierarchical Clustering",2022,1.61276325,1.4631958,1.781917045,1.548093175,1.68321295
"L2-034: Partitioning and Hierarchical Clustering",2023,1.60912135,1.45998283,1.778489995,1.544001625,1.67688355
"L2-034: Partitioning and Hierarchical Clustering",2024,1.63660615,1.482786065,1.81658636,1.5692668,1.708352275
"L2-034: Partitioning and Hierarchical Clustering",2025,1.6105232,1.452927785,1.79828394,1.54086255,1.685342375
"L2-034: Partitioning and Hierarchical Clustering",2026,1.65170125,1.471580445,1.864491365,1.5719597,1.73530095
"L2-035: Vibrational and Optical Spectroscopy",2010,2.74912365,2.40932205,2.970365465,2.61333215,2.866031375
"L2-035: Vibrational and Optical Spectroscopy",2011,2.75347155,2.439690765,2.964058235,2.629486275,2.8625885
"L2-035: Vibrational and Optical Spectroscopy",2012,2.75591645,2.477440015,2.95729515,2.64562515,2.8565478
"L2-035: Vibrational and Optical Spectroscopy",2013,2.7540989,2.499616615,2.949102115,2.6509124,2.8478418
"L2-035: Vibrational and Optical Spectroscopy",2014,2.74402175,2.507807945,2.93313667,2.648139875,2.832022825
"L2-035: Vibrational and Optical Spectroscopy",2015,2.73930245,2.52688299,2.920843195,2.6530744,2.823680725
"L2-035: Vibrational and Optical Spectroscopy",2016,2.7355135,2.536465035,2.90606916,2.658450675,2.811866825
"L2-035: Vibrational and Optical Spectroscopy",2017,2.71190205,2.52407797,2.87805115,2.6372236,2.7848785
"L2-035: Vibrational and Optical Spectroscopy",2018,2.71706365,2.534430525,2.875643245,2.64582345,2.78505505
"L2-035: Vibrational and Optical Spectroscopy",2019,2.69476095,2.524228715,2.85376037,2.627727175,2.763878075
"L2-035: Vibrational and Optical Spectroscopy",2020,2.68576095,2.52186654,2.837587805,2.61931105,2.7502483
"L2-035: Vibrational and Optical Spectroscopy",2021,2.66300115,2.483580155,2.825220135,2.5915538,2.7327211
"L2-035: Vibrational and Optical Spectroscopy",2022,2.6655033,2.479703715,2.829904385,2.589816575,2.73551075
"L2-035: Vibrational and Optical Spectroscopy",2023,2.59317795,2.387364505,2.77399418,2.51327105,2.671183625
"L2-035: Vibrational and Optical Spectroscopy",2024,2.5398411,2.32354345,2.732479105,2.45287285,2.6241653
"L2-035: Vibrational and Optical Spectroscopy",2025,2.53153745,2.30907123,2.735383065,2.44310535,2.619227625
"L2-035: Vibrational and Optical Spectroscopy",2026,2.50328265,2.2403111,2.74253947,2.399809175,2.601953825
"L2-036: X-ray Spectrometry and Diffraction",2010,2.8845495,2.638516835,2.99013585,2.797851175,2.9473677
"L2-036: X-ray Spectrometry and Diffraction",2011,2.8977402,2.67933415,2.990993075,2.8192453,2.95361775
"L2-036: X-ray Spectrometry and Diffraction",2012,2.9137816,2.72206039,2.99268631,2.84702215,2.960855475
"L2-036: X-ray Spectrometry and Diffraction",2013,2.92984255,2.76199463,2.99425733,2.8722972,2.968304925
"L2-036: X-ray Spectrometry and Diffraction",2014,2.94411935,2.798560355,2.995612465,2.89543705,2.9753445
"L2-036: X-ray Spectrometry and Diffraction",2015,2.95124995,2.82738044,2.996151465,2.910771825,2.978155175
"L2-036: X-ray Spectrometry and Diffraction",2016,2.95871975,2.849974365,2.9968064,2.92370785,2.98257495
"L2-036: X-ray Spectrometry and Diffraction",2017,2.9684676,2.879546265,2.997518275,2.941095625,2.98685565
"L2-036: X-ray Spectrometry and Diffraction",2018,2.9758417,2.902553065,2.998301335,2.952391275,2.9898335
"L2-036: X-ray Spectrometry and Diffraction",2019,2.9787478,2.910398405,2.99831616,2.95699555,2.990693025
"L2-036: X-ray Spectrometry and Diffraction",2020,2.98176225,2.92175741,2.998662445,2.96358765,2.992463575
"L2-036: X-ray Spectrometry and Diffraction",2021,2.97978815,2.91538565,2.99847884,2.960470175,2.9914173
"L2-036: X-ray Spectrometry and Diffraction",2022,2.97595835,2.90089532,2.998306505,2.95296465,2.990005975
"L2-036: X-ray Spectrometry and Diffraction",2023,2.97192575,2.88975999,2.9977966,2.9465161,2.98796695
"L2-036: X-ray Spectrometry and Diffraction",2024,2.9681086,2.872353695,2.99762796,2.938397275,2.9863929
"L2-036: X-ray Spectrometry and Diffraction",2025,2.9572772,2.85056058,2.996472785,2.922003475,2.98069915
"L2-036: X-ray Spectrometry and Diffraction",2026,2.94960785,2.814181285,2.995624895,2.9051975,2.977494225
"L2-037: Statistical Inference and Validation",2010,2.58601085,1.9491226,3.34082166,2.3148514,2.885660225
"L2-037: Statistical Inference and Validation",2011,2.632463,2.015565585,3.34874746,2.366366175,2.920420275
"L2-037: Statistical Inference and Validation",2012,2.67657155,2.073976855,3.34779363,2.414846475,2.94703
"L2-037: Statistical Inference and Validation",2013,2.7256296,2.15545995,3.361847525,2.4774183,2.98298425
"L2-037: Statistical Inference and Validation",2014,2.81354405,2.26789969,3.42808602,2.57672035,3.055834425
"L2-037: Statistical Inference and Validation",2015,2.8478056,2.31985226,3.41453081,2.620108725,3.077825625
"L2-037: Statistical Inference and Validation",2016,2.90580215,2.40224557,3.443962615,2.6887374,3.12289875
"L2-037: Statistical Inference and Validation",2017,2.97296385,2.48997697,3.488420755,2.773287975,3.1829361
"L2-037: Statistical Inference and Validation",2018,3.0394739,2.586262645,3.52983215,2.853106525,3.23820935
"L2-037: Statistical Inference and Validation",2019,3.0990827,2.64730854,3.581526645,2.9116962,3.298230275
"L2-037: Statistical Inference and Validation",2020,3.14435375,2.694150485,3.61421695,2.9562739,3.33942955
"L2-037: Statistical Inference and Validation",2021,3.237718,2.772421255,3.714986835,3.0533768,3.4333384
"L2-037: Statistical Inference and Validation",2022,3.28658115,2.804601705,3.76300819,3.0896992,3.483890425
"L2-037: Statistical Inference and Validation",2023,3.583191,3.10131108,4.045479235,3.3879263,3.7738593
"L2-037: Statistical Inference and Validation",2024,3.68419555,3.20191128,4.12833419,3.479128175,3.87552385
"L2-037: Statistical Inference and Validation",2025,3.7480519,3.262472235,4.20265693,3.5549826,3.937076025
"L2-037: Statistical Inference and Validation",2026,3.84557345,3.300842055,4.334502695,3.631601275,4.0499286
"L2-038: Correlation Analysis Methods",2010,1.5402361,1.275949515,1.983551525,1.409069225,1.700611875
"L2-038: Correlation Analysis Methods",2011,1.51857435,1.277854185,1.92701146,1.3998786,1.6692336
"L2-038: Correlation Analysis Methods",2012,1.49643605,1.2739538,1.854824295,1.38952495,1.627648825
"L2-038: Correlation Analysis Methods",2013,1.48254585,1.274401995,1.794870535,1.384117975,1.59839915
"L2-038: Correlation Analysis Methods",2014,1.4814799,1.28993673,1.76211545,1.390408225,1.585060525
"L2-038: Correlation Analysis Methods",2015,1.45629485,1.27820812,1.7073701,1.371436225,1.5495167
"L2-038: Correlation Analysis Methods",2016,1.44251405,1.279493225,1.674301225,1.369608675,1.527437375
"L2-038: Correlation Analysis Methods",2017,1.41907655,1.26875374,1.621651145,1.350254975,1.4972529
"L2-038: Correlation Analysis Methods",2018,1.41002115,1.27128129,1.599761485,1.3480295,1.48248255
"L2-038: Correlation Analysis Methods",2019,1.4013451,1.26654762,1.58289674,1.33985785,1.4704973
"L2-038: Correlation Analysis Methods",2020,1.37827495,1.251123355,1.553931415,1.322128825,1.44697245
"L2-038: Correlation Analysis Methods",2021,1.3757992,1.2452514,1.548276085,1.319245825,1.44126495
"L2-038: Correlation Analysis Methods",2022,1.35703385,1.22706949,1.52790828,1.301308475,1.4201019
"L2-038: Correlation Analysis Methods",2023,1.34385845,1.220958035,1.514661535,1.2898917,1.4071037
"L2-038: Correlation Analysis Methods",2024,1.3312212,1.209012075,1.4979804,1.2762327,1.392085825
"L2-038: Correlation Analysis Methods",2025,1.29293685,1.179756,1.454048035,1.2410368,1.35190995
"L2-038: Correlation Analysis Methods",2026,1.31151735,1.18440828,1.49745116,1.2544125,1.380910525
"L2-039: Statistical Inference Methods",2010,3.0326594,2.525815785,3.51321723,2.82635395,3.241165275
"L2-039: Statistical Inference Methods",2011,3.07085025,2.605245565,3.51951523,2.87534845,3.26939565
"L2-039: Statistical Inference Methods",2012,3.19790825,2.769542895,3.598822025,3.0245887,3.372000425
"L2-039: Statistical Inference Methods",2013,3.2475109,2.83248815,3.608086055,3.082627025,3.404559525
"L2-039: Statistical Inference Methods",2014,3.29013525,2.92075379,3.620317975,3.13881035,3.431596875
"L2-039: Statistical Inference Methods",2015,3.37881075,3.028508415,3.665122325,3.241745625,3.50603055
"L2-039: Statistical Inference Methods",2016,3.4476703,3.136915585,3.703108685,3.325533375,3.557997075
"L2-039: Statistical Inference Methods",2017,3.45420145,3.15584358,3.695968675,3.3371836,3.5591597
"L2-039: Statistical Inference Methods",2018,3.5275233,3.25322937,3.74680066,3.423914125,3.6220037
"L2-039: Statistical Inference Methods",2019,3.5414412,3.274130325,3.747378915,3.440544775,3.633117075
"L2-039: Statistical Inference Methods",2020,3.5771933,3.324835285,3.774631645,3.48401435,3.66449985
"L2-039: Statistical Inference Methods",2021,3.63094325,3.396089865,3.81472955,3.5399368,3.711667325
"L2-039: Statistical Inference Methods",2022,3.6797868,3.447072675,3.851659135,3.59383855,3.759850025
"L2-039: Statistical Inference Methods",2023,3.7268447,3.512135335,3.8913353,3.6451539,3.80339115
"L2-039: Statistical Inference Methods",2024,3.71097485,3.48534378,3.88242511,3.62370005,3.790396275
"L2-039: Statistical Inference Methods",2025,3.64763985,3.394733865,3.83970946,3.549857275,3.7342168
"L2-039: Statistical Inference Methods",2026,3.63204915,3.32819917,3.85829406,3.514196325,3.73683435
"L2-040: Parametric and Nonparametric Tests",2010,2.64593155,2.045698205,3.379340525,2.375931175,2.93513395
"L2-040: Parametric and Nonparametric Tests",2011,2.68230895,2.094448695,3.374989325,2.423536575,2.949060675
"L2-040: Parametric and Nonparametric Tests",2012,2.7626827,2.193915125,3.40817471,2.516354225,3.016333575
"L2-040: Parametric and Nonparametric Tests",2013,2.78778545,2.257190075,3.395920065,2.5665255,3.02935295
"L2-040: Parametric and Nonparametric Tests",2014,2.85934175,2.36591455,3.412324105,2.643756775,3.080726675
"L2-040: Parametric and Nonparametric Tests",2015,2.94241325,2.464135285,3.474874805,2.7386558,3.155330425
"L2-040: Parametric and Nonparametric Tests",2016,2.961554,2.50954293,3.4533551,2.767386875,3.16392035
"L2-040: Parametric and Nonparametric Tests",2017,3.058552,2.61714461,3.531584955,2.869089775,3.2514748
"L2-040: Parametric and Nonparametric Tests",2018,3.108687,2.68985504,3.561127915,2.93628775,3.290794975
"L2-040: Parametric and Nonparametric Tests",2019,3.18353055,2.76153011,3.618706625,3.0044567,3.355463575
"L2-040: Parametric and Nonparametric Tests",2020,3.22896075,2.801986285,3.65000295,3.048942675,3.39901545
"L2-040: Parametric and Nonparametric Tests",2021,3.29381415,2.843856685,3.706172315,3.109561725,3.4665577
"L2-040: Parametric and Nonparametric Tests",2022,3.2779976,2.812785185,3.701944695,3.0876116,3.458105775
"L2-040: Parametric and Nonparametric Tests",2023,3.57419545,3.187299,3.96611627,3.41583065,3.733386725
"L2-040: Parametric and Nonparametric Tests",2024,3.6230468,3.22347231,4.01916049,3.458160025,3.785452925
"L2-040: Parametric and Nonparametric Tests",2025,3.67492555,3.281376655,4.046058805,3.512075,3.828725225
"L2-040: Parametric and Nonparametric Tests",2026,3.6502713,3.19987624,4.07506904,3.465701825,3.834362275
"L2-041: Gradient Boosting Variants",2010,1.5776312,1.20334566,1.981394875,1.392545375,1.787713625
"L2-041: Gradient Boosting Variants",2011,1.56892075,1.212641115,1.975237335,1.394786825,1.7677944
"L2-041: Gradient Boosting Variants",2012,1.5546103,1.215160775,1.96663459,1.3915507,1.7446354
"L2-041: Gradient Boosting Variants",2013,1.54739915,1.22451242,1.952937865,1.397155275,1.722400025
"L2-041: Gradient Boosting Variants",2014,1.5392197,1.232421665,1.92789016,1.395068775,1.7020838
"L2-041: Gradient Boosting Variants",2015,1.5322171,1.24326484,1.903143995,1.397201425,1.685614425
"L2-041: Gradient Boosting Variants",2016,1.52973175,1.25804475,1.881933695,1.4039832,1.670920775
"L2-041: Gradient Boosting Variants",2017,1.51326175,1.25699991,1.846419805,1.397157425,1.64773125
"L2-041: Gradient Boosting Variants",2018,1.50661475,1.269893265,1.81111887,1.3986729,1.628685625
"L2-041: Gradient Boosting Variants",2019,1.49688305,1.263082435,1.794724925,1.3896941,1.613832225
"L2-041: Gradient Boosting Variants",2020,1.4947406,1.27096835,1.77769849,1.3929239,1.611798525
"L2-041: Gradient Boosting Variants",2021,1.4820488,1.266536505,1.75908183,1.3853717,1.5949758
"L2-041: Gradient Boosting Variants",2022,1.4689056,1.259700905,1.745424335,1.374003025,1.58162105
"L2-041: Gradient Boosting Variants",2023,1.45602635,1.26236852,1.712280415,1.367693275,1.55721665
"L2-041: Gradient Boosting Variants",2024,1.4374705,1.24156825,1.6980272,1.348627,1.535187475
"L2-041: Gradient Boosting Variants",2025,1.4297769,1.232901825,1.69030373,1.34073925,1.528694625
"L2-041: Gradient Boosting Variants",2026,1.42440785,1.222561625,1.69874187,1.332596675,1.529940875
"L2-042: Tree-Based Ensemble Methods",2010,1.92007155,1.568907665,1.99916651,1.7961627,1.980565
"L2-042: Tree-Based Ensemble Methods",2011,1.939578,1.635992035,1.99943072,1.840189875,1.985861425
"L2-042: Tree-Based Ensemble Methods",2012,1.95311905,1.69717394,1.99957443,1.87481915,1.989391575
"L2-042: Tree-Based Ensemble Methods",2013,1.96397595,1.752793065,1.999711525,1.899425575,1.991420175
"L2-042: Tree-Based Ensemble Methods",2014,1.969251,1.783644595,1.999692665,1.9140066,1.992776425
"L2-042: Tree-Based Ensemble Methods",2015,1.9695536,1.79179774,1.99973341,1.915584075,1.99310615
"L2-042: Tree-Based Ensemble Methods",2016,1.9622073,1.769204145,1.99962065,1.89910805,1.991178475
"L2-042: Tree-Based Ensemble Methods",2017,1.9429365,1.739808915,1.99932031,1.869716425,1.984611225
"L2-042: Tree-Based Ensemble Methods",2018,1.9104493,1.71888803,1.997303625,1.836639175,1.964684975
"L2-042: Tree-Based Ensemble Methods",2019,1.86543515,1.66052954,1.990452185,1.7864248,1.93117435
"L2-042: Tree-Based Ensemble Methods",2020,1.82706405,1.62855907,1.971112975,1.747541425,1.89615985
"L2-042: Tree-Based Ensemble Methods",2021,1.77767195,1.579143,1.94338797,1.696735875,1.851973775
"L2-042: Tree-Based Ensemble Methods",2022,1.72378125,1.523197315,1.9092615,1.64211335,1.805748075
"L2-042: Tree-Based Ensemble Methods",2023,1.6802076,1.49887938,1.85429049,1.6034255,1.7541459
"L2-042: Tree-Based Ensemble Methods",2024,1.6347128,1.45524216,1.81816681,1.557726075,1.7124407
"L2-042: Tree-Based Ensemble Methods",2025,1.58799975,1.407939205,1.77421791,1.5106827,1.66255475
"L2-042: Tree-Based Ensemble Methods",2026,1.52434995,1.339877085,1.73252112,1.444609775,1.61002725
"L2-043: Paleoenvironmental Transfer Functions",2010,1.7614425,1.331568385,1.99661949,1.566275225,1.9219422
"L2-043: Paleoenvironmental Transfer Functions",2011,1.781894,1.371538865,1.99687462,1.6027188,1.929368425
"L2-043: Paleoenvironmental Transfer Functions",2012,1.79695645,1.403511085,1.99756474,1.626172775,1.9362114
"L2-043: Paleoenvironmental Transfer Functions",2013,1.81326535,1.41751598,1.997198685,1.650008875,1.944031475
"L2-043: Paleoenvironmental Transfer Functions",2014,1.8294413,1.447757495,1.99777511,1.671908025,1.949116175
"L2-043: Paleoenvironmental Transfer Functions",2015,1.85246345,1.482620255,1.998107775,1.701762425,1.95470455
"L2-043: Paleoenvironmental Transfer Functions",2016,1.86650445,1.49705567,1.99846666,1.72438285,1.962812325
"L2-043: Paleoenvironmental Transfer Functions",2017,1.88189915,1.51565559,1.99861173,1.743809125,1.9668604
"L2-043: Paleoenvironmental Transfer Functions",2018,1.89212695,1.529157715,1.99883701,1.7592165,1.971569925
"L2-043: Paleoenvironmental Transfer Functions",2019,1.904393,1.539614565,1.99900824,1.7711937,1.976303175
"L2-043: Paleoenvironmental Transfer Functions",2020,1.90914295,1.53958752,1.99914709,1.776810375,1.9787023
"L2-043: Paleoenvironmental Transfer Functions",2021,1.91726515,1.545443265,1.999262945,1.783476175,1.9802352
"L2-043: Paleoenvironmental Transfer Functions",2022,1.9185076,1.54438094,1.99912319,1.791319425,1.981091275
"L2-043: Paleoenvironmental Transfer Functions",2023,1.90990245,1.497189975,1.99912775,1.756074575,1.97870485
"L2-043: Paleoenvironmental Transfer Functions",2024,1.9042826,1.48316249,1.998959905,1.75170535,1.976255075
"L2-043: Paleoenvironmental Transfer Functions",2025,1.9012174,1.476958465,1.99908029,1.747843275,1.976205475
"L2-043: Paleoenvironmental Transfer Functions",2026,1.8934309,1.456744495,1.99902448,1.73685575,1.974727475
"L2-044: Molecular Data Acquisition",2010,2.7080706,2.168470715,2.9763257,2.508985475,2.8677245
"L2-044: Molecular Data Acquisition",2011,2.72085925,2.22354786,2.97686924,2.531557625,2.87114305
"L2-044: Molecular Data Acquisition",2012,2.72187235,2.2467552,2.974997995,2.544954175,2.866435575
"L2-044: Molecular Data Acquisition",2013,2.7184534,2.28286773,2.97114883,2.54866955,2.860175225
"L2-044: Molecular Data Acquisition",2014,2.711949,2.326774495,2.965758755,2.559541475,2.846910725
"L2-044: Molecular Data Acquisition",2015,2.69511375,2.32777997,2.956407895,2.55239945,2.827710425
"L2-044: Molecular Data Acquisition",2016,2.6818238,2.344355735,2.94222977,2.543096025,2.807890275
"L2-044: Molecular Data Acquisition",2017,2.65579165,2.34478667,2.918318075,2.52815545,2.780633275
"L2-044: Molecular Data Acquisition",2018,2.642134,2.35099706,2.89996339,2.5208602,2.7564964
"L2-044: Molecular Data Acquisition",2019,2.6293446,2.362969095,2.879618385,2.517382375,2.73901895
"L2-044: Molecular Data Acquisition",2020,2.58792155,2.32597977,2.84640544,2.477388075,2.696971375
"L2-044: Molecular Data Acquisition",2021,2.5505341,2.298353845,2.812226295,2.4436172,2.66471025
"L2-044: Molecular Data Acquisition",2022,2.52319285,2.26597068,2.790435715,2.41620515,2.636452225
"L2-044: Molecular Data Acquisition",2023,2.4689601,2.213852895,2.749893945,2.3607409,2.58305655
"L2-044: Molecular Data Acquisition",2024,2.43050655,2.17438552,2.72263845,2.3234622,2.548208775
"L2-044: Molecular Data Acquisition",2025,2.3951681,2.135059865,2.6959115,2.286798875,2.51283075
"L2-044: Molecular Data Acquisition",2026,2.3733995,2.09591856,2.68918827,2.256842275,2.494471675
"L2-045: Hyphenated Chromatographic Spectrometry",2010,2.59091855,2.130744575,2.921306125,2.4126637,2.7457306
"L2-045: Hyphenated Chromatographic Spectrometry",2011,2.6049681,2.17309146,2.918087975,2.438008325,2.752719275
"L2-045: Hyphenated Chromatographic Spectrometry",2012,2.61467005,2.2166064,2.91036465,2.46338795,2.7543492
"L2-045: Hyphenated Chromatographic Spectrometry",2013,2.6370721,2.272191145,2.90621255,2.491156325,2.760629375
"L2-045: Hyphenated Chromatographic Spectrometry",2014,2.64824645,2.295308925,2.901769045,2.511239825,2.764205925
"L2-045: Hyphenated Chromatographic Spectrometry",2015,2.6603756,2.34091473,2.899934485,2.536471275,2.7716451
"L2-045: Hyphenated Chromatographic Spectrometry",2016,2.66473635,2.37029908,2.885629545,2.548821225,2.769847425
"L2-045: Hyphenated Chromatographic Spectrometry",2017,2.6679798,2.386920355,2.88198902,2.557268925,2.76242865
"L2-045: Hyphenated Chromatographic Spectrometry",2018,2.6690711,2.39696275,2.875918435,2.5668115,2.76405875
"L2-045: Hyphenated Chromatographic Spectrometry",2019,2.6920729,2.435100125,2.88568617,2.59432455,2.781303025
"L2-045: Hyphenated Chromatographic Spectrometry",2020,2.71251875,2.46461207,2.89845948,2.617980475,2.79875325
"L2-045: Hyphenated Chromatographic Spectrometry",2021,2.6959822,2.44298565,2.89243361,2.597738175,2.78347425
"L2-045: Hyphenated Chromatographic Spectrometry",2022,2.731377,2.46596734,2.92384213,2.6292515,2.8243357
"L2-045: Hyphenated Chromatographic Spectrometry",2023,2.7138402,2.438168615,2.917718075,2.60722935,2.811410425
"L2-045: Hyphenated Chromatographic Spectrometry",2024,2.694619,2.40058064,2.90764359,2.580733675,2.79195295
"L2-045: Hyphenated Chromatographic Spectrometry",2025,2.7043973,2.376904795,2.920657135,2.578778825,2.8067621
"L2-045: Hyphenated Chromatographic Spectrometry",2026,2.700683,2.34470692,2.932882925,2.56715635,2.8162654
"L2-048: Remote Sensing Image Analysis",2010,2.1682936,1.666690245,2.855018755,1.93917625,2.4307592
"L2-048: Remote Sensing Image Analysis",2011,2.20410935,1.727167755,2.8615429,1.988149,2.453860925
"L2-048: Remote Sensing Image Analysis",2012,2.22742225,1.759231885,2.831536125,2.01198185,2.466263925
"L2-048: Remote Sensing Image Analysis",2013,2.25598085,1.81470277,2.81888862,2.0572421,2.47193435
"L2-048: Remote Sensing Image Analysis",2014,2.2498467,1.83587408,2.77390798,2.06671085,2.45143995
"L2-048: Remote Sensing Image Analysis",2015,2.2977533,1.896625235,2.787363285,2.120756325,2.487623675
"L2-048: Remote Sensing Image Analysis",2016,2.3056343,1.920721045,2.764329645,2.142356625,2.4881328
"L2-048: Remote Sensing Image Analysis",2017,2.3468979,1.9780522,2.79348195,2.1910482,2.522625075
"L2-048: Remote Sensing Image Analysis",2018,2.37191985,2.016103675,2.795112605,2.216835175,2.5333275
"L2-048: Remote Sensing Image Analysis",2019,2.39390095,2.05506102,2.795011785,2.245543125,2.55329945
"L2-048: Remote Sensing Image Analysis",2020,2.428166,2.070252125,2.8349089,2.277912,2.589385325
"L2-048: Remote Sensing Image Analysis",2021,2.44793435,2.088883175,2.85724693,2.2974458,2.6157252
"L2-048: Remote Sensing Image Analysis",2022,2.4578618,2.074600635,2.8865566,2.295094375,2.6224592
"L2-048: Remote Sensing Image Analysis",2023,2.6225922,2.210678785,3.073648655,2.44785945,2.805499775
"L2-048: Remote Sensing Image Analysis",2024,2.63328465,2.21608401,3.087882325,2.451304,2.81827655
"L2-048: Remote Sensing Image Analysis",2025,2.7085995,2.273704,3.16851576,2.5274866,2.895941475
"L2-048: Remote Sensing Image Analysis",2026,2.74877805,2.27871685,3.24718344,2.54592845,2.951663725
"L2-049: Image Preprocessing and Enhancement",2010,1.7544819,1.303989615,1.996995185,1.546303475,1.9187061
"L2-049: Image Preprocessing and Enhancement",2011,1.783918,1.353884795,1.996966635,1.59395255,1.931661975
"L2-049: Image Preprocessing and Enhancement",2012,1.81192075,1.39257326,1.9973866,1.6349048,1.942060025
"L2-049: Image Preprocessing and Enhancement",2013,1.83647595,1.44180883,1.998041145,1.672518575,1.952774675
"L2-049: Image Preprocessing and Enhancement",2014,1.86555675,1.49039619,1.99843947,1.7191917,1.96300405
"L2-049: Image Preprocessing and Enhancement",2015,1.89305705,1.556759855,1.99875601,1.764683975,1.97130055
"L2-049: Image Preprocessing and Enhancement",2016,1.9126576,1.600693435,1.999060455,1.799357125,1.977301125
"L2-049: Image Preprocessing and Enhancement",2017,1.93432655,1.66336846,1.99932569,1.844151,1.9834425
"L2-049: Image Preprocessing and Enhancement",2018,1.9506579,1.711733615,1.99953051,1.873862475,1.98805755
"L2-049: Image Preprocessing and Enhancement",2019,1.962249,1.74938723,1.999687025,1.89746385,1.991349525
"L2-049: Image Preprocessing and Enhancement",2020,1.9703396,1.791158415,1.99976261,1.918574625,1.993482775
"L2-049: Image Preprocessing and Enhancement",2021,1.9759053,1.8179684,1.999788955,1.93145205,1.99463005
"L2-049: Image Preprocessing and Enhancement",2022,1.9779379,1.824319245,1.99978861,1.93643675,1.99524935
"L2-049: Image Preprocessing and Enhancement",2023,1.975662,1.822326615,1.999786845,1.9305725,1.994943225
"L2-049: Image Preprocessing and Enhancement",2024,1.97269545,1.796367625,1.99972346,1.920776675,1.993573575
"L2-049: Image Preprocessing and Enhancement",2025,1.9616757,1.7454073,1.999646645,1.896824675,1.991247575
"L2-049: Image Preprocessing and Enhancement",2026,1.95051065,1.699963865,1.99958414,1.866890375,1.988327125
"L2-050: Data Preprocessing and Scaling",2010,1.327257,1.13285905,1.657226445,1.232925825,1.447656425
"L2-050: Data Preprocessing and Scaling",2011,1.36481815,1.158638935,1.68411711,1.26600685,1.482765825
"L2-050: Data Preprocessing and Scaling",2012,1.4005018,1.189349145,1.70614793,1.29910045,1.51854515
"L2-050: Data Preprocessing and Scaling",2013,1.4406363,1.219962135,1.739627055,1.338724925,1.557570225
"L2-050: Data Preprocessing and Scaling",2014,1.4796929,1.250823875,1.76129953,1.376775375,1.5940637
"L2-050: Data Preprocessing and Scaling",2015,1.52155295,1.292979075,1.79073643,1.4198664,1.6331427
"L2-050: Data Preprocessing and Scaling",2016,1.56523245,1.334697735,1.82456181,1.464872025,1.676487175
"L2-050: Data Preprocessing and Scaling",2017,1.6187061,1.382070315,1.862971545,1.51506755,1.725573025
"L2-050: Data Preprocessing and Scaling",2018,1.65982095,1.42207707,1.895860725,1.559222075,1.76507605
"L2-050: Data Preprocessing and Scaling",2019,1.71820865,1.47537922,1.933215525,1.6150709,1.819607325
"L2-050: Data Preprocessing and Scaling",2020,1.76376625,1.51144342,1.960895935,1.661428675,1.86212145
"L2-050: Data Preprocessing and Scaling",2021,1.8172516,1.556029235,1.985182005,1.712624325,1.90864985
"L2-050: Data Preprocessing and Scaling",2022,1.8609641,1.59848883,1.995503495,1.75840995,1.943779
"L2-050: Data Preprocessing and Scaling",2023,1.9284453,1.68223742,1.999305965,1.838411625,1.98051415
"L2-050: Data Preprocessing and Scaling",2024,1.95322805,1.721579215,1.9995667,1.876418775,1.9887593
"L2-050: Data Preprocessing and Scaling",2025,1.96638725,1.76761485,1.999715705,1.906170325,1.9924414
"L2-050: Data Preprocessing and Scaling",2026,1.96448505,1.75465359,1.999661295,1.904392475,1.99210075
"L2-054: Microscopic and Microanalytical Methods",2010,1.9269805,1.5856388,2.294825375,1.779625125,2.077995125
"L2-054: Microscopic and Microanalytical Methods",2011,1.9196588,1.6045755,2.26036254,1.78544825,2.058227675
"L2-054: Microscopic and Microanalytical Methods",2012,1.8923272,1.60369103,2.19667537,1.767379875,2.01617955
"L2-054: Microscopic and Microanalytical Methods",2013,1.87646625,1.61517864,2.1599066,1.768068925,1.99319535
"L2-054: Microscopic and Microanalytical Methods",2014,1.86786445,1.623633175,2.123051425,1.763367425,1.9689778
"L2-054: Microscopic and Microanalytical Methods",2015,1.84597425,1.630822785,2.08054498,1.755780275,1.942687925
"L2-054: Microscopic and Microanalytical Methods",2016,1.84466215,1.646966545,2.056421505,1.7600258,1.930596325
"L2-054: Microscopic and Microanalytical Methods",2017,1.81824635,1.63397522,2.017133555,1.739815525,1.8970105
"L2-054: Microscopic and Microanalytical Methods",2018,1.8055542,1.63121033,1.99257072,1.732703625,1.88021905
"L2-054: Microscopic and Microanalytical Methods",2019,1.77977135,1.615521335,1.95578887,1.70989285,1.851215175
"L2-054: Microscopic and Microanalytical Methods",2020,1.7669931,1.60957467,1.94622563,1.702276825,1.838378075
"L2-054: Microscopic and Microanalytical Methods",2021,1.77174125,1.606758885,1.95030493,1.704401125,1.844372075
"L2-054: Microscopic and Microanalytical Methods",2022,1.74712115,1.58248249,1.92898165,1.676413125,1.821088875
"L2-054: Microscopic and Microanalytical Methods",2023,1.73216525,1.5623586,1.90771753,1.658860325,1.802654
"L2-054: Microscopic and Microanalytical Methods",2024,1.7079022,1.530580115,1.898006175,1.63368605,1.783378625
"L2-054: Microscopic and Microanalytical Methods",2025,1.6976779,1.5143367,1.89955336,1.61768785,1.780429475
"L2-054: Microscopic and Microanalytical Methods",2026,1.70564315,1.505810025,1.930380795,1.6183,1.795553025
"L2-055: Stable Isotope Analysis",2010,1.8003149,1.48931655,1.99137052,1.670766725,1.91290445
"L2-055: Stable Isotope Analysis",2011,1.7789585,1.49003441,1.98350236,1.656991475,1.88993435
"L2-055: Stable Isotope Analysis",2012,1.7535065,1.479346365,1.96760092,1.63915295,1.8630135
"L2-055: Stable Isotope Analysis",2013,1.72960165,1.481660145,1.94627174,1.621999625,1.829372225
"L2-055: Stable Isotope Analysis",2014,1.70199435,1.47255699,1.913596,1.605215125,1.798531625
"L2-055: Stable Isotope Analysis",2015,1.68238095,1.46710904,1.886660375,1.590082125,1.77326055
"L2-055: Stable Isotope Analysis",2016,1.65434495,1.45229278,1.849808735,1.568385625,1.737005875
"L2-055: Stable Isotope Analysis",2017,1.62952835,1.441446545,1.822649855,1.550027975,1.711897275
"L2-055: Stable Isotope Analysis",2018,1.60984775,1.42591106,1.794903375,1.531210725,1.68732235
"L2-055: Stable Isotope Analysis",2019,1.59834135,1.41794702,1.78402086,1.51914225,1.673186325
"L2-055: Stable Isotope Analysis",2020,1.5698406,1.39338642,1.76370768,1.49516445,1.65004915
"L2-055: Stable Isotope Analysis",2021,1.53966405,1.360227615,1.733958745,1.462326875,1.62013485
"L2-055: Stable Isotope Analysis",2022,1.5127446,1.33212529,1.72739991,1.4314855,1.598876475
"L2-055: Stable Isotope Analysis",2023,1.44194605,1.272098365,1.661215395,1.3681339,1.52697845
"L2-055: Stable Isotope Analysis",2024,1.4237102,1.24797746,1.65856627,1.3469487,1.512975575
"L2-055: Stable Isotope Analysis",2025,1.4014287,1.230356315,1.63820287,1.3233069,1.489837075
"L2-055: Stable Isotope Analysis",2026,1.38632215,1.20985334,1.64047795,1.306042975,1.484214775
"L2-060: Phylogenetic Inference Methods",2010,2.83179,2.45832834,2.98561805,2.705582825,2.922880875
"L2-060: Phylogenetic Inference Methods",2011,2.8548301,2.524810375,2.987715855,2.74374915,2.933305475
"L2-060: Phylogenetic Inference Methods",2012,2.87172025,2.58694274,2.989044485,2.77130595,2.94125515
"L2-060: Phylogenetic Inference Methods",2013,2.88745025,2.631649995,2.98946483,2.800819025,2.94772065
"L2-060: Phylogenetic Inference Methods",2014,2.894791,2.672008065,2.98972194,2.8184684,2.95085575
"L2-060: Phylogenetic Inference Methods",2015,2.9201066,2.73401783,2.99289966,2.8598436,2.963576925
"L2-060: Phylogenetic Inference Methods",2016,2.9199785,2.745980725,2.99253844,2.8611933,2.96199975
"L2-060: Phylogenetic Inference Methods",2017,2.9165459,2.753671465,2.991783505,2.85777775,2.959161925
"L2-060: Phylogenetic Inference Methods",2018,2.91629975,2.758505795,2.99030443,2.859624,2.9573561
"L2-060: Phylogenetic Inference Methods",2019,2.9233749,2.76823644,2.99267766,2.867680425,2.962712075
"L2-060: Phylogenetic Inference Methods",2020,2.9182829,2.762616505,2.99161276,2.863533675,2.960062375
"L2-060: Phylogenetic Inference Methods",2021,2.89279885,2.70912056,2.987233195,2.825542275,2.944486675
"L2-060: Phylogenetic Inference Methods",2022,2.88020035,2.676886335,2.985549495,2.804526325,2.9378548
"L2-060: Phylogenetic Inference Methods",2023,2.8719858,2.64793584,2.98488044,2.789138175,2.933586025
"L2-060: Phylogenetic Inference Methods",2024,2.85502375,2.600587205,2.98244202,2.761081275,2.925012125
"L2-060: Phylogenetic Inference Methods",2025,2.8086029,2.51741411,2.972739985,2.699714125,2.894207075
"L2-060: Phylogenetic Inference Methods",2026,2.80443,2.475322915,2.975097545,2.686606025,2.89693445
"L2-061: Discrete and Continuous Simulation",2010,6.1917992,5.398856335,6.99274648,5.8541265,6.522581975
"L2-061: Discrete and Continuous Simulation",2011,6.16032775,5.40508739,6.888946285,5.85497645,6.4673832
"L2-061: Discrete and Continuous Simulation",2012,6.10998245,5.41089981,6.802608475,5.8150505,6.40916675
"L2-061: Discrete and Continuous Simulation",2013,6.15703745,5.500084635,6.802999785,5.89054845,6.4194107
"L2-061: Discrete and Continuous Simulation",2014,5.99358485,5.35379781,6.6138615,5.734127975,6.2522592
"L2-061: Discrete and Continuous Simulation",2015,5.8924727,5.31175787,6.47709798,5.6460627,6.125351825
"L2-061: Discrete and Continuous Simulation",2016,5.9087478,5.35947814,6.47271381,5.683048125,6.136547575
"L2-061: Discrete and Continuous Simulation",2017,5.79774285,5.27335717,6.331386,5.581510075,6.010924
"L2-061: Discrete and Continuous Simulation",2018,5.6835857,5.183298515,6.19521752,5.485972675,5.8906504
"L2-061: Discrete and Continuous Simulation",2019,5.67540515,5.178946925,6.192671385,5.47421405,5.884546775
"L2-061: Discrete and Continuous Simulation",2020,5.55608815,5.064781765,6.056726015,5.355163525,5.752483025
"L2-061: Discrete and Continuous Simulation",2021,5.4951187,5.003153115,6.002368205,5.29502715,5.699984675
"L2-061: Discrete and Continuous Simulation",2022,5.45030425,4.952131955,5.98026625,5.245698875,5.658215225
"L2-061: Discrete and Continuous Simulation",2023,5.248817,4.762640255,5.762919535,5.0457194,5.458588025
"L2-061: Discrete and Continuous Simulation",2024,5.1395129,4.66130859,5.64586999,4.9396316,5.34099795
"L2-061: Discrete and Continuous Simulation",2025,5.1697561,4.69227938,5.697738845,4.967857125,5.378369975
"L2-061: Discrete and Continuous Simulation",2026,5.0886839,4.54595264,5.677939975,4.864282125,5.322910625
"L2-062: Spectral and Multivariate Analysis",2010,4.863175,3.63952602,6.121725135,4.354555125,5.385286625
"L2-062: Spectral and Multivariate Analysis",2011,5.0100248,3.831394165,6.223080425,4.515992325,5.5048129
"L2-062: Spectral and Multivariate Analysis",2012,5.10394895,3.99127089,6.242343995,4.64159555,5.573136025
"L2-062: Spectral and Multivariate Analysis",2013,5.16518595,4.13460527,6.221890265,4.73318485,5.605969175
"L2-062: Spectral and Multivariate Analysis",2014,5.2328757,4.24204973,6.253988035,4.834652725,5.655942075
"L2-062: Spectral and Multivariate Analysis",2015,5.3692216,4.453557815,6.336536735,4.990395675,5.767534925
"L2-062: Spectral and Multivariate Analysis",2016,5.4584432,4.57328309,6.34503929,5.08796245,5.812298325
"L2-062: Spectral and Multivariate Analysis",2017,5.6101829,4.797223505,6.44673236,5.270072275,5.95814785
"L2-062: Spectral and Multivariate Analysis",2018,5.6730012,4.90336071,6.443354975,5.3483487,5.9917906
"L2-062: Spectral and Multivariate Analysis",2019,5.80548615,5.04835406,6.547798755,5.50282975,6.110715575
"L2-062: Spectral and Multivariate Analysis",2020,5.98938,5.25133515,6.71214272,5.689185025,6.296900525
"L2-062: Spectral and Multivariate Analysis",2021,5.90153385,5.17211851,6.596100535,5.6084681,6.193475675
"L2-062: Spectral and Multivariate Analysis",2022,6.0078183,5.276956485,6.72172146,5.71669975,6.312738275
"L2-062: Spectral and Multivariate Analysis",2023,6.08570885,5.35496248,6.76426244,5.795254125,6.3646428
"L2-062: Spectral and Multivariate Analysis",2024,6.0962981,5.36845689,6.776393675,5.807089625,6.373457925
"L2-062: Spectral and Multivariate Analysis",2025,6.23078295,5.57843121,6.860121015,5.96878235,6.495311775
"L2-062: Spectral and Multivariate Analysis",2026,6.1749718,5.423908785,6.901569455,5.874266775,6.4759228
"L2-064: Diversity and Complexity Metrics",2010,3.45868425,2.773773305,4.287988555,3.14689085,3.783805825
"L2-064: Diversity and Complexity Metrics",2011,3.52095795,2.859464565,4.324443895,3.22988415,3.842812175
"L2-064: Diversity and Complexity Metrics",2012,3.62430345,2.98689554,4.38493121,3.33740705,3.9171104
"L2-064: Diversity and Complexity Metrics",2013,3.6925403,3.081663075,4.39103595,3.42057125,3.977564975
"L2-064: Diversity and Complexity Metrics",2014,3.7908844,3.20598741,4.465685895,3.531984475,4.06156175
"L2-064: Diversity and Complexity Metrics",2015,3.879507,3.31541021,4.527992235,3.631334775,4.138055525
"L2-064: Diversity and Complexity Metrics",2016,3.9690951,3.417337945,4.571485145,3.7341405,4.20924445
"L2-064: Diversity and Complexity Metrics",2017,4.0268425,3.503789425,4.60342524,3.80430595,4.267031275
"L2-064: Diversity and Complexity Metrics",2018,4.16460885,3.64708025,4.714114545,3.948227925,4.38698465
"L2-064: Diversity and Complexity Metrics",2019,4.29784075,3.78205426,4.83648581,4.0811619,4.514458275
"L2-064: Diversity and Complexity Metrics",2020,4.35492655,3.823261185,4.888785365,4.136315975,4.5708994
"L2-064: Diversity and Complexity Metrics",2021,4.4988687,3.966832515,5.019341235,4.278780025,4.717657475
"L2-064: Diversity and Complexity Metrics",2022,4.47754245,3.898683925,5.03012777,4.247138525,4.701848
"L2-064: Diversity and Complexity Metrics",2023,4.85783365,4.29719971,5.35295398,4.63567995,5.0735911
"L2-064: Diversity and Complexity Metrics",2024,5.0119086,4.493462715,5.45425772,4.80837965,5.202289675
"L2-064: Diversity and Complexity Metrics",2025,4.99872445,4.445374325,5.455863215,4.785038525,5.19960425
"L2-064: Diversity and Complexity Metrics",2026,5.0692801,4.50675459,5.524495495,4.860560225,5.273149475
"L2-065: Computational Text Analytics",2010,2.57181585,2.00107825,2.948208705,2.350073275,2.77488725
"L2-065: Computational Text Analytics",2011,2.5896543,2.04979347,2.943626955,2.3831068,2.7793219
"L2-065: Computational Text Analytics",2012,2.60747295,2.097646595,2.941899225,2.41014535,2.7790583
"L2-065: Computational Text Analytics",2013,2.61551585,2.16201794,2.933471345,2.4407776,2.775088575
"L2-065: Computational Text Analytics",2014,2.61948435,2.18644432,2.929583515,2.447481475,2.77176095
"L2-065: Computational Text Analytics",2015,2.6287204,2.24239048,2.923018485,2.476028725,2.768790725
"L2-065: Computational Text Analytics",2016,2.6394854,2.277218,2.91205868,2.496084125,2.767751725
"L2-065: Computational Text Analytics",2017,2.64902535,2.31345551,2.90428866,2.5164579,2.764410425
"L2-065: Computational Text Analytics",2018,2.6612838,2.358374765,2.89896705,2.544394025,2.769562875
"L2-065: Computational Text Analytics",2019,2.6661229,2.387702345,2.88904392,2.560828175,2.7669387
"L2-065: Computational Text Analytics",2020,2.65986925,2.40335177,2.874104275,2.55752365,2.751867975
"L2-065: Computational Text Analytics",2021,2.6592748,2.417904235,2.861597985,2.56534645,2.7488281
"L2-065: Computational Text Analytics",2022,2.6739961,2.431918675,2.869979465,2.581807725,2.7600962
"L2-065: Computational Text Analytics",2023,2.737249,2.53552493,2.89688248,2.656861175,2.8090421
"L2-065: Computational Text Analytics",2024,2.707454,2.500671175,2.87714882,2.6262323,2.784703175
"L2-065: Computational Text Analytics",2025,2.7284555,2.539655265,2.88275432,2.6496408,2.79701815
"L2-065: Computational Text Analytics",2026,2.71455215,2.503321775,2.89355319,2.62743645,2.793359
"L2-066: Optimization and Decision Analysis",2010,3.477152,2.913008475,3.86281436,3.27446665,3.6604322
"L2-066: Optimization and Decision Analysis",2011,3.5310994,3.026372415,3.877160215,3.339222125,3.6928099
"L2-066: Optimization and Decision Analysis",2012,3.5771349,3.126166825,3.890523915,3.410093,3.72666475
"L2-066: Optimization and Decision Analysis",2013,3.61444285,3.197632845,3.899444755,3.447744225,3.752322675
"L2-066: Optimization and Decision Analysis",2014,3.62302785,3.21212307,3.899207835,3.462030175,3.758002375
"L2-066: Optimization and Decision Analysis",2015,3.618286,3.197590615,3.890315975,3.4624429,3.749572725
"L2-066: Optimization and Decision Analysis",2016,3.62706975,3.21725018,3.89003699,3.47209255,3.752911325
"L2-066: Optimization and Decision Analysis",2017,3.5914662,3.17185061,3.868855205,3.431533625,3.72645665
"L2-066: Optimization and Decision Analysis",2018,3.5264442,3.10249123,3.83214896,3.365430575,3.6763533
"L2-066: Optimization and Decision Analysis",2019,3.47024545,3.03211592,3.800108885,3.29907935,3.626580125
"L2-066: Optimization and Decision Analysis",2020,3.3869991,2.948030665,3.737329095,3.2087788,3.547714425
"L2-066: Optimization and Decision Analysis",2021,3.3280903,2.88731498,3.714211405,3.1447988,3.497443175
"L2-066: Optimization and Decision Analysis",2022,3.24676805,2.788735345,3.65637977,3.06095845,3.4344587
"L2-066: Optimization and Decision Analysis",2023,3.02336085,2.584143185,3.4460399,2.843947375,3.204667925
"L2-066: Optimization and Decision Analysis",2024,2.90000605,2.454264295,3.34221204,2.7142457,3.086070025
"L2-066: Optimization and Decision Analysis",2025,2.8156487,2.385708095,3.258926255,2.631804975,3.004175525
"L2-066: Optimization and Decision Analysis",2026,2.7843602,2.321746125,3.263691,2.58969365,2.98771435
"L2-068: Statistical Learning and Data Mining",2010,4.5174916,3.55257035,5.59489725,4.09783635,4.945874775
"L2-068: Statistical Learning and Data Mining",2011,4.70204835,3.767969705,5.701745915,4.295595725,5.1046123
"L2-068: Statistical Learning and Data Mining",2012,4.66218245,3.792723705,5.58235761,4.29069055,5.032095575
"L2-068: Statistical Learning and Data Mining",2013,4.7878145,3.97844273,5.644625335,4.454270575,5.1483381
"L2-068: Statistical Learning and Data Mining",2014,4.8179683,4.08571559,5.59097971,4.518729175,5.131546825
"L2-068: Statistical Learning and Data Mining",2015,4.8030476,4.13234672,5.513121685,4.52159695,5.086171875
"L2-068: Statistical Learning and Data Mining",2016,4.92338395,4.28462635,5.60732492,4.64817015,5.1993774
"L2-068: Statistical Learning and Data Mining",2017,4.9629735,4.36443197,5.56758427,4.714237575,5.21290165
"L2-068: Statistical Learning and Data Mining",2018,5.05747885,4.48916358,5.651996185,4.82377765,5.300169475
"L2-068: Statistical Learning and Data Mining",2019,5.0621614,4.538025275,5.60992187,4.839944775,5.28894115
"L2-068: Statistical Learning and Data Mining",2020,5.14316735,4.649837765,5.665883085,4.937784675,5.35119285
"L2-068: Statistical Learning and Data Mining",2021,5.08133735,4.599532035,5.58362172,4.8831188,5.27947175
"L2-068: Statistical Learning and Data Mining",2022,5.04197485,4.546028025,5.561903025,4.840182975,5.24693535
"L2-068: Statistical Learning and Data Mining",2023,5.09878615,4.642830465,5.57772929,4.914339175,5.290490525
"L2-068: Statistical Learning and Data Mining",2024,4.9590475,4.519032035,5.416940165,4.777050625,5.1445785
"L2-068: Statistical Learning and Data Mining",2025,5.02169565,4.622866305,5.46176642,4.8564976,5.199418125
"L2-068: Statistical Learning and Data Mining",2026,5.0579357,4.57234132,5.588647405,4.8464745,5.26858275
